Age Bins,SN,Price
<10,Adairialis76,0.0
<10,Adastirin33,0.0
<10,Aeda94,0.0
<10,Aela59,0.0
<10,Aelaria33,0.0
<10,Aelastirin39,0.0
<10,Aelidru27,0.0
<10,Aelin32,0.0
<10,Aelly27,0.0
<10,Aellynun67,0.0
<10,Aellyria80,0.0
<10,Aelollo59,0.0
<10,Aenarap34,0.0
<10,Aeral43,0.0
<10,Aeral68,0.0
<10,Aeral97,0.0
<10,Aeralria27,4.09
<10,Aeralstical35,0.0
<10,Aeri84,0.0
<10,Aerillorin70,0.0
<10,Aerithllora36,0.0
<10,Aerithnucal56,0.0
<10,Aerithnuphos61,0.0
<10,Aerithriaphos45,0.0
<10,Aerithriaphos46,0.0
<10,Aesri53,0.0
<10,Aesty53,0.0
<10,Aestysu37,0.0
<10,Aesur96,0.0
<10,Aesurstilis64,0.0
<10,Aethedru70,0.0
<10,Aidai53,0.0
<10,Aidai61,0.0
<10,Aidai73,0.0
<10,Aidaillodeu39,0.0
<10,Aidain51,0.0
<10,Aidaira26,0.0
<10,Aiduecal76,0.0
<10,Aiduesu86,0.0
<10,Aillyriadru65,0.0
<10,Aillyrin83,2.89
<10,Aina42,0.0
<10,Aina43,0.0
<10,Airi27,0.0
<10,Aisur51,0.0
<10,Aisurdru79,0.0
<10,Aisurria69,0.0
<10,Aithelis62,0.0
<10,Alaephos75,0.0
<10,Alaesu77,0.0
<10,Alaesu91,0.0
<10,Alarap40,0.0
<10,Ali84,0.0
<10,Alim85,0.0
<10,Alo38,0.0
<10,Anallorgue57,5.7
<10,Ardcil81,0.0
<10,Ardonmol96,0.0
<10,Arin32,0.0
<10,Arirgue63,0.0
<10,Assassa81,0.0
<10,Assassasta79,0.0
<10,Assastnya25,0.0
<10,Assehoan67,0.0
<10,Assesi91,0.0
<10,Assilsan72,0.0
<10,Assim27,0.0
<10,Assirra56,0.0
<10,Assistasda42,0.0
<10,Assistasda90,0.0
<10,Assjaskan56,0.0
<10,Assjaskan73,0.0
<10,Assosia88,0.0
<10,Assylla81,0.0
<10,Asty82,0.0
<10,Asur53,0.0
<10,Asur96,0.0
<10,Baelollodeu94,0.0
<10,Bartassaya73,0.0
<10,Caesrinusuir82,0.0
<10,Ceoral34,0.0
<10,Chadadarla74,0.0
<10,Chadilsasta32,0.0
<10,Chadirra90,0.0
<10,Chadista79,0.0
<10,Chadistaya75,0.0
<10,Chadjask77,4.93
<10,Chadjask85,0.0
<10,Chadolyla44,0.0
<10,Chadossa56,0.0
<10,Chadossa89,0.0
<10,Chamadar79,0.0
<10,Chamadarnya73,0.0
<10,Chamadarsda63,0.0
<10,Chamalo71,0.0
<10,Chamassasya86,0.0
<10,Chamast86,0.0
<10,Chamastya76,0.0
<10,Chamilsala65,0.0
<10,Chamiman85,0.0
<10,Chamimla73,0.0
<10,Chamimla85,0.0
<10,Chamirra53,0.0
<10,Chamirrasya33,0.0
<10,Chamirraya83,0.0
<10,Chamistast30,0.0
<10,Chamjask73,0.0
<10,Chamjaskya75,0.0
<10,Chamossa77,0.0
<10,Chanadar44,0.0
<10,Chanastnya43,0.0
<10,Chanastsda67,0.0
<10,Chanastst38,0.0
<10,Chanastya70,0.0
<10,Chanilsasda38,0.0
<10,Chanilsast61,0.0
<10,Chanirra64,0.0
<10,Chanirra79,0.0
<10,Chanirrala39,0.0
<10,Chanirrasta87,0.0
<10,Chanista95,0.0
<10,Chanjask65,0.0
<10,Chanjaskan89,0.0
<10,Chanosia34,0.0
<10,Chanosia60,0.0
<10,Chanosian48,0.0
<10,Chanosiaya39,0.0
<10,Chanossanya44,0.0
<10,Chanossast57,4.32
<10,Chanuchi25,0.0
<10,Cosadar58,0.0
<10,Dyally87,0.0
<10,Ealiril69,0.0
<10,Ealrion88,0.0
<10,Ennalmol65,0.0
<10,Ennoncil86,0.0
<10,Ennrian78,0.0
<10,Eodailis27,0.0
<10,Eodairu79,0.0
<10,Eodaisu60,0.0
<10,Eolan54,0.0
<10,Eoral49,0.0
<10,Eoralrap26,0.0
<10,Eosrirgue62,0.0
<10,Eosurdru76,0.0
<10,Eratiel90,0.0
<10,Ermol76,0.0
<10,Errian63,0.0
<10,Eryon48,0.0
<10,Ethralista69,0.0
<10,Ethrasyon38,0.0
<10,Ethriel85,0.0
<10,Ethron58,0.0
<10,Eudanu32,0.0
<10,Eudanu84,0.0
<10,Eulae84,0.0
<10,Eulaestira36,0.0
<10,Eulanurin88,0.0
<10,Eulasuir89,0.0
<10,Eulolis41,0.0
<10,Eurisuru25,0.0
<10,Eurithphos97,4.55
<10,Eusri26,0.0
<10,Eusri44,3.09
<10,Eusri70,0.0
<10,Eustyria89,0.0
<10,Eusur90,0.0
<10,Eusurdeu49,0.0
<10,Euthe35,0.0
<10,Eyircil84,0.0
<10,Eyista89,0.0
<10,Eyrian71,0.0
<10,Farrian71,0.0
<10,Farusrian86,0.0
<10,Filrion59,0.0
<10,Filrion83,0.0
<10,Filurarn35,0.0
<10,Firan91,0.0
<10,Firatan58,0.0
<10,Firon67,0.0
<10,Fironon91,0.0
<10,Frichadar89,0.0
<10,Frichadaran88,0.0
<10,Frichast28,0.0
<10,Frichaststa61,0.0
<10,Frichaya88,0.0
<10,Frichilsa31,0.0
<10,Frichim77,0.0
<10,Frichirranya75,0.0
<10,Frichjask31,0.0
<10,Frichjaskan98,0.0
<10,Frichocesta66,0.0
<10,Frichosia58,0.0
<10,Frichosiala98,0.0
<10,Frichossala54,3.08
<10,Frichynde86,0.0
<10,Hada39,0.0
<10,Haedairiadru51,0.0
<10,Haeladil46,0.0
<10,Haellysu29,0.0
<10,Haerith37,0.0
<10,Haerithp41,0.0
<10,Haestyphos66,0.0
<10,Hailaphos89,0.0
<10,Haillyrgue51,9.5
<10,Haisrisuir60,0.0
<10,Haisurra41,0.0
<10,Hala31,0.0
<10,Halaecal66,0.0
<10,Hallysucal81,0.0
<10,Hari50,0.0
<10,Hariphos58,0.0
<10,Heollyra92,0.0
<10,Heollyriap59,0.0
<10,Heosurnuru52,0.0
<10,Heudai45,3.47
<10,Heuli25,0.0
<10,Heunadil74,0.0
<10,Hiaral50,0.0
<10,Hiarideu73,0.0
<10,Hiasri33,0.0
<10,Hiasurria41,0.0
<10,Hilaerin92,0.0
<10,Hiral75,0.0
<10,Hirirap39,0.0
<10,Hisridru55,0.0
<10,Hyaduesu61,0.0
<10,Iadueria43,0.0
<10,Ialallo29,0.0
<10,Ialidru40,0.0
<10,Iana95,3.1
<10,Iarallo65,0.0
<10,Iaralrgue74,0.0
<10,Iaralsuir44,0.0
<10,Iarilis73,5.49
<10,Iasrira89,0.0
<10,Iasur80,0.0
<10,Iasurriacal29,0.0
<10,Iasursti71,0.0
<10,Iathem87,0.0
<10,Iathenudil29,0.0
<10,Idacal95,0.0
<10,Idai61,0.0
<10,Idaidil28,0.0
<10,Idairin51,0.0
<10,Idaisuir85,0.0
<10,Idastidru52,0.0
<10,Iduelis31,0.0
<10,Iduenu77,0.0
<10,Ilaesudil92,0.0
<10,Ilarin91,0.0
<10,Ilassa51,0.0
<10,Ilassast39,0.0
<10,Ilast79,0.0
<10,Ilastilis78,0.0
<10,Ili43,0.0
<10,Ililsan66,2.85
<10,Ililsasya43,0.0
<10,Ilimya66,0.0
<10,Ilirrasda54,0.0
<10,Ilista82,0.0
<10,Iljask75,0.0
<10,Ilmol66,6.17
<10,Ilosia37,0.0
<10,Ilosian36,0.0
<10,Ilosianya35,0.0
<10,Ilunyon70,0.0
<10,Ina92,0.0
<10,Inasti31,0.0
<10,Inasuir29,0.0
<10,Indcil77,0.0
<10,Indirrian56,0.0
<10,Indonmol95,0.0
<10,Ingatcil75,0.0
<10,Inguron55,0.0
<10,Iral74,0.0
<10,Iri67,0.0
<10,Irilis75,0.0
<10,Irillo49,0.0
<10,Irith83,0.0
<10,Irithlis29,0.0
<10,Iskadarya95,0.0
<10,Iskichinya81,0.0
<10,Iskim66,0.0
<10,Iskim96,0.0
<10,Iskirra45,0.0
<10,Iskjaskst81,0.0
<10,Iskosia90,0.0
<10,Iskosian40,0.0
<10,Iskossasda43,0.0
<10,Isri34,0.0
<10,Isty55,0.0
<10,Isurria36,0.0
<10,Isursti83,0.0
<10,Isursuir31,0.0
<10,Ithergue48,0.0
<10,Itheria73,0.0
<10,Jeyciman68,0.0
<10,Jiskadarst60,0.0
<10,Jiskassa76,0.0
<10,Jiskimsda56,0.0
<10,Jiskimya77,0.0
<10,Jiskirran77,0.0
<10,Jiskjask60,0.0
<10,Jiskjask80,0.0
<10,Jiskjask85,0.0
<10,Jiskossa61,0.0
<10,Laedallo55,0.0
<10,Lalossa38,0.0
<10,Lamil79,0.0
<10,Lassadarsda57,0.0
<10,Lassassasda30,0.0
<10,Lassassast73,0.0
<10,Lassilsala30,0.0
<10,Lassimla92,0.0
<10,Lassirrasda85,0.0
<10,Lassjask63,0.0
<10,Lassjaskan73,0.0
<10,Layjask75,0.0
<10,Leetirraya83,0.0
<10,Leyirra83,0.0
<10,Liawista80,0.0
<10,Lirtassa52,0.0
<10,Lirtassan78,0.0
<10,Lirtastan49,0.0
<10,Lirtastsda29,0.0
<10,Lirtastsya71,0.0
<10,Lirtilsa71,0.0
<10,Lirtilsa72,0.0
<10,Lirtim36,0.0
<10,Lirtimst73,0.0
<10,Lirtirra37,0.0
<10,Lirtirra81,0.0
<10,Lirtistanya48,0.0
<10,Lirtosia63,0.0
<10,Lirtossa60,0.0
<10,Lirtossa84,0.0
<10,Lisadar44,0.0
<10,Lisasi93,0.0
<10,Lisassa64,0.0
<10,Lisassala98,0.0
<10,Lisassasda39,0.0
<10,Lisassasta50,0.0
<10,Lisast87,0.0
<10,Lisast98,0.0
<10,Lisico81,4.19
<10,Lisilsa62,0.0
<10,Lisim51,0.0
<10,Lisim78,0.0
<10,Lisiriya82,0.0
<10,Lisirra25,0.0
<10,Lisirra58,0.0
<10,Lisirra87,0.0
<10,Lisista27,0.0
<10,Lisista54,0.0
<10,Lisista63,0.0
<10,Lisjaskan36,0.0
<10,Lisjaskya84,0.0
<10,Lisopela58,0.0
<10,Lisosia66,0.0
<10,Lisosia93,0.0
<10,Lisossa25,0.0
<10,Lisossa46,0.0
<10,Lisossala30,0.0
<10,Lisossanya98,0.0
<10,Lisotesta51,0.0
<10,Lisovynya38,0.0
<10,Malarrian73,0.0
<10,Malil90,0.0
<10,Malon70,0.0
<10,Maluncil97,0.0
<10,Malunil62,0.0
<10,Maradaran90,0.0
<10,Maradarnya40,0.0
<10,Marassa62,0.0
<10,Marast30,0.0
<10,Maridisya31,0.0
<10,Marilsa69,0.0
<10,Marilsanya48,0.0
<10,Marilsasya33,0.0
<10,Marim28,0.0
<10,Marirrasta50,0.0
<10,Marjask87,0.0
<10,Marokian45,0.0
<10,Maropast28,0.0
<10,Marughi89,0.0
<10,Marundi65,0.0
<10,Marynde90,0.0
<10,Meosridil82,0.0
<10,Mindadaran26,0.0
<10,Mindesi74,0.0
<10,Mindetosya30,0.0
<10,Mindilsa34,0.0
<10,Mindilsa60,0.0
<10,Mindimnya67,0.0
<10,Mindirranya33,0.0
<10,Mindista32,0.0
<10,Mindjasksya61,0.0
<10,Mindossa76,0.0
<10,Minduli80,0.0
<10,Minduri31,0.0
<10,Nitherian58,0.0
<10,Palatyon26,0.0
<10,Palyon91,0.0
<10,Peorith44,0.0
<10,Phaedasurap84,0.0
<10,Phaedue89,0.0
<10,Phaelap26,0.0
<10,Phaena87,0.0
<10,Phaestycal84,0.0
<10,Pheodai94,0.0
<10,Pheodaisun84,0.0
<10,Pheosrinudeu70,0.0
<10,Pheosurllorin41,0.0
<10,Pheulidil31,0.0
<10,Pheusrical25,0.0
<10,Pheutherin27,0.0
<10,Phiallylis33,0.0
<10,Phiarithdeu40,0.0
<10,Philodil43,0.0
<10,Phiristi62,0.0
<10,Phistym51,0.0
<10,Phistyn52,0.0
<10,Phyali88,0.0
<10,Poshilsa82,0.0
<10,Qarirwen82,0.0
<10,Qilalista41,0.0
<10,Qilanrion65,0.0
<10,Qilatista90,0.0
<10,Qilunan34,0.0
<10,Quaecjask96,4.4
<10,Quanenrian83,0.0
<10,Quanrion96,0.0
<10,Quanunwen42,0.0
<10,Quaranmol58,0.0
<10,Quarrion42,0.0
<10,Quilassa66,4.23
<10,Quinarap53,0.0
<10,Raesty92,0.0
<10,Raillydeu47,0.0
<10,Rairin89,0.0
<10,Rairith81,0.0
<10,Raisty38,0.0
<10,Rarallo90,0.0
<10,Rastynusuir31,0.0
<10,Raysistast71,0.0
<10,Reulae52,4.18
<10,Reunasu60,0.0
<10,Rianistast50,0.0
<10,Rilaera56,0.0
<10,Ririp86,0.0
<10,Risty84,0.0
<10,Ristydru66,0.0
<10,Rithe53,0.0
<10,Ryanara76,0.0
<10,Saedaiphos46,0.0
<10,Saelaephos52,0.0
<10,Saena74,0.0
<10,Saena89,0.0
<10,Saerallora71,0.0
<10,Saesrideu94,0.0
<10,Saida58,0.0
<10,Saisrilis27,0.0
<10,Saistyphos30,0.0
<10,Salilis27,0.0
<10,Sally64,0.0
<10,Sastydeu50,0.0
<10,Sausosia74,0.0
<10,Seolollo93,0.0
<10,Seosrim97,0.0
<10,Seudaillorap38,0.0
<10,Seuthep89,2.05
<10,Shaidanu32,0.0
<10,Shidai42,0.0
<10,Siala43,0.0
<10,Siallylis44,0.0
<10,Siana77,0.0
<10,Siarithria38,0.0
<10,Sida61,0.0
<10,Sidap51,0.0
<10,Silaera56,0.0
<10,Siralsudeu54,0.0
<10,Sisur91,4.19
<10,Smaistysu35,0.0
<10,Sondadar26,6.470000000000001
<10,Sondadarya58,0.0
<10,Sondassan80,0.0
<10,Sondassasya91,0.0
<10,Sondastsda82,0.0
<10,Sondilsaya62,0.0
<10,Sondim68,0.0
<10,Sondim73,0.0
<10,Sondimla25,0.0
<10,Sondistanya61,0.0
<10,Sondossa69,4.48
<10,Strithenu87,0.0
<10,Styaduen40,0.0
<10,Sundadar27,0.0
<10,Sundadarla27,0.0
<10,Sundassa93,0.0
<10,Sundim98,0.0
<10,Sundirrala66,0.0
<10,Sundista37,0.0
<10,Sundjask71,0.0
<10,Syally44,0.0
<10,Syalollorap93,0.0
<10,Syathe73,0.0
<10,Syathecal44,0.0
<10,Taeduenu92,0.0
<10,Thourdirra92,0.0
<10,Thrientossa55,0.0
<10,Thryallym62,0.0
<10,Tyaedainu44,0.0
<10,Tyaelaelis94,0.0
<10,Tyaelistidru84,0.0
<10,Tyaelly53,0.0
<10,Tyaelo67,0.0
<10,Tyaelorap29,0.0
<10,Tyaenasti87,0.0
<10,Tyaerith73,0.0
<10,Tyalaesu89,0.0
<10,Tyananurgue44,0.0
<10,Tyarithn67,0.0
<10,Tyeoralru41,0.0
<10,Tyeosri53,0.0
<10,Tyeudariasuir90,0.0
<10,Tyeuduen32,0.0
<10,Tyeurith29,3.65
<10,Tyialisti80,0.0
<10,Tyialisudeu65,0.0
<10,Tyida79,0.0
<10,Tyidaim51,0.0
<10,Tyidainu31,0.0
<10,Tyirinu79,0.0
<10,Tyisur83,0.0
<10,Umolrian85,0.0
<10,Undare39,0.0
<10,Undassa89,0.0
<10,Undilsan50,0.0
<10,Undimsya85,0.0
<10,Undirra73,0.0
<10,Undirrala66,0.0
<10,Undirrasta89,0.0
<10,Undista85,0.0
<10,Undjask33,0.0
<10,Undjaskla97,0.0
<10,Undosia27,0.0
<10,Undosian34,0.0
<10,Undotesta33,0.0
<10,Wailin72,0.0
<10,Yadacal26,0.0
<10,Yadaisuir65,0.0
<10,Yadam35,0.0
<10,Yadanu52,0.0
<10,Yadaphos40,0.0
<10,Yalae81,0.0
<10,Yalaeria91,0.0
<10,Yaliru88,0.0
<10,Yalo85,0.0
<10,Yalostiphos68,0.0
<10,Yana46,0.0
<10,Yarithllodeu72,0.0
<10,Yarithrgue83,0.0
<10,Yarithrin84,0.0
<10,Yarithsurgue62,0.0
<10,Yarolwen77,0.0
<10,Yasrisu92,0.0
<10,Yastyriaphos75,0.0
<10,Yasur35,0.0
<10,Yasur85,0.0
<10,Yathecal72,0.0
<10,Yathecal82,0.0
<10,Yathedeu43,0.0
<10,Yoishirrala98,0.0
<10,Zhisrisu83,7.89
<10,Zontibe81,0.0
10-14,Adairialis76,0.0
10-14,Adastirin33,0.0
10-14,Aeda94,0.0
10-14,Aela59,0.0
10-14,Aelaria33,0.0
10-14,Aelastirin39,0.0
10-14,Aelidru27,0.0
10-14,Aelin32,0.0
10-14,Aelly27,0.0
10-14,Aellynun67,0.0
10-14,Aellyria80,0.0
10-14,Aelollo59,0.0
10-14,Aenarap34,0.0
10-14,Aeral43,0.0
10-14,Aeral68,0.0
10-14,Aeral97,0.0
10-14,Aeralria27,0.0
10-14,Aeralstical35,0.0
10-14,Aeri84,0.0
10-14,Aerillorin70,0.0
10-14,Aerithllora36,0.0
10-14,Aerithnucal56,0.0
10-14,Aerithnuphos61,0.0
10-14,Aerithriaphos45,0.0
10-14,Aerithriaphos46,0.0
10-14,Aesri53,0.0
10-14,Aesty53,0.0
10-14,Aestysu37,0.0
10-14,Aesur96,0.0
10-14,Aesurstilis64,0.0
10-14,Aethedru70,0.0
10-14,Aidai53,0.0
10-14,Aidai61,0.0
10-14,Aidai73,0.0
10-14,Aidaillodeu39,0.0
10-14,Aidain51,0.0
10-14,Aidaira26,0.0
10-14,Aiduecal76,0.0
10-14,Aiduesu86,0.0
10-14,Aillyriadru65,0.0
10-14,Aillyrin83,0.0
10-14,Aina42,0.0
10-14,Aina43,0.0
10-14,Airi27,0.0
10-14,Aisur51,0.0
10-14,Aisurdru79,0.0
10-14,Aisurria69,0.0
10-14,Aithelis62,0.0
10-14,Alaephos75,0.0
10-14,Alaesu77,0.0
10-14,Alaesu91,0.0
10-14,Alarap40,0.0
10-14,Ali84,0.0
10-14,Alim85,0.0
10-14,Alo38,0.0
10-14,Anallorgue57,0.0
10-14,Ardcil81,0.0
10-14,Ardonmol96,0.0
10-14,Arin32,0.0
10-14,Arirgue63,0.0
10-14,Assassa81,0.0
10-14,Assassasta79,0.0
10-14,Assastnya25,0.0
10-14,Assehoan67,0.0
10-14,Assesi91,0.0
10-14,Assilsan72,0.0
10-14,Assim27,0.0
10-14,Assirra56,0.0
10-14,Assistasda42,0.0
10-14,Assistasda90,0.0
10-14,Assjaskan56,0.0
10-14,Assjaskan73,0.0
10-14,Assosia88,0.0
10-14,Assylla81,0.0
10-14,Asty82,0.0
10-14,Asur53,0.0
10-14,Asur96,0.0
10-14,Baelollodeu94,0.0
10-14,Bartassaya73,0.0
10-14,Caesrinusuir82,0.0
10-14,Ceoral34,0.0
10-14,Chadadarla74,0.0
10-14,Chadilsasta32,0.0
10-14,Chadirra90,0.0
10-14,Chadista79,0.0
10-14,Chadistaya75,0.0
10-14,Chadjask77,0.0
10-14,Chadjask85,0.0
10-14,Chadolyla44,0.0
10-14,Chadossa56,0.0
10-14,Chadossa89,0.0
10-14,Chamadar79,0.0
10-14,Chamadarnya73,0.0
10-14,Chamadarsda63,0.0
10-14,Chamalo71,0.0
10-14,Chamassasya86,0.0
10-14,Chamast86,0.0
10-14,Chamastya76,0.0
10-14,Chamilsala65,0.0
10-14,Chamiman85,0.0
10-14,Chamimla73,0.0
10-14,Chamimla85,0.0
10-14,Chamirra53,0.0
10-14,Chamirrasya33,0.0
10-14,Chamirraya83,0.0
10-14,Chamistast30,0.0
10-14,Chamjask73,0.0
10-14,Chamjaskya75,0.0
10-14,Chamossa77,0.0
10-14,Chanadar44,0.0
10-14,Chanastnya43,0.0
10-14,Chanastsda67,0.0
10-14,Chanastst38,0.0
10-14,Chanastya70,0.0
10-14,Chanilsasda38,0.0
10-14,Chanilsast61,0.0
10-14,Chanirra64,0.0
10-14,Chanirra79,0.0
10-14,Chanirrala39,0.0
10-14,Chanirrasta87,4.94
10-14,Chanista95,0.0
10-14,Chanjask65,0.0
10-14,Chanjaskan89,0.0
10-14,Chanosia34,0.0
10-14,Chanosia60,0.0
10-14,Chanosian48,0.0
10-14,Chanosiaya39,0.0
10-14,Chanossanya44,0.0
10-14,Chanossast57,0.0
10-14,Chanuchi25,0.0
10-14,Cosadar58,0.0
10-14,Dyally87,0.0
10-14,Ealiril69,0.0
10-14,Ealrion88,0.0
10-14,Ennalmol65,0.0
10-14,Ennoncil86,0.0
10-14,Ennrian78,0.0
10-14,Eodailis27,0.0
10-14,Eodairu79,0.0
10-14,Eodaisu60,0.0
10-14,Eolan54,0.0
10-14,Eoral49,0.0
10-14,Eoralrap26,0.0
10-14,Eosrirgue62,0.0
10-14,Eosurdru76,1.79
10-14,Eratiel90,0.0
10-14,Ermol76,0.0
10-14,Errian63,0.0
10-14,Eryon48,0.0
10-14,Ethralista69,2.22
10-14,Ethrasyon38,0.0
10-14,Ethriel85,0.0
10-14,Ethron58,0.0
10-14,Eudanu32,0.0
10-14,Eudanu84,0.0
10-14,Eulae84,0.0
10-14,Eulaestira36,0.0
10-14,Eulanurin88,0.0
10-14,Eulasuir89,0.0
10-14,Eulolis41,0.0
10-14,Eurisuru25,0.0
10-14,Eurithphos97,0.0
10-14,Eusri26,0.0
10-14,Eusri44,0.0
10-14,Eusri70,0.0
10-14,Eustyria89,0.0
10-14,Eusur90,0.0
10-14,Eusurdeu49,0.0
10-14,Euthe35,0.0
10-14,Eyircil84,0.0
10-14,Eyista89,0.0
10-14,Eyrian71,0.0
10-14,Farrian71,0.0
10-14,Farusrian86,0.0
10-14,Filrion59,0.0
10-14,Filrion83,0.0
10-14,Filurarn35,0.0
10-14,Firan91,0.0
10-14,Firatan58,0.0
10-14,Firon67,0.0
10-14,Fironon91,0.0
10-14,Frichadar89,0.0
10-14,Frichadaran88,0.0
10-14,Frichast28,0.0
10-14,Frichaststa61,0.0
10-14,Frichaya88,0.0
10-14,Frichilsa31,0.0
10-14,Frichim77,0.0
10-14,Frichirranya75,0.0
10-14,Frichjask31,0.0
10-14,Frichjaskan98,0.0
10-14,Frichocesta66,0.0
10-14,Frichosia58,0.0
10-14,Frichosiala98,0.0
10-14,Frichossala54,0.0
10-14,Frichynde86,0.0
10-14,Hada39,0.0
10-14,Haedairiadru51,0.0
10-14,Haeladil46,0.0
10-14,Haellysu29,0.0
10-14,Haerith37,0.0
10-14,Haerithp41,0.0
10-14,Haestyphos66,0.0
10-14,Hailaphos89,0.0
10-14,Haillyrgue51,0.0
10-14,Haisrisuir60,0.0
10-14,Haisurra41,0.0
10-14,Hala31,0.0
10-14,Halaecal66,0.0
10-14,Hallysucal81,0.0
10-14,Hari50,0.0
10-14,Hariphos58,0.0
10-14,Heollyra92,0.0
10-14,Heollyriap59,0.0
10-14,Heosurnuru52,0.0
10-14,Heudai45,0.0
10-14,Heuli25,0.0
10-14,Heunadil74,0.0
10-14,Hiaral50,0.0
10-14,Hiarideu73,0.0
10-14,Hiasri33,0.0
10-14,Hiasurria41,0.0
10-14,Hilaerin92,0.0
10-14,Hiral75,0.0
10-14,Hirirap39,0.0
10-14,Hisridru55,0.0
10-14,Hyaduesu61,0.0
10-14,Iadueria43,0.0
10-14,Ialallo29,0.0
10-14,Ialidru40,0.0
10-14,Iana95,0.0
10-14,Iarallo65,0.0
10-14,Iaralrgue74,0.0
10-14,Iaralsuir44,0.0
10-14,Iarilis73,0.0
10-14,Iasrira89,0.0
10-14,Iasur80,0.0
10-14,Iasurriacal29,0.0
10-14,Iasursti71,0.0
10-14,Iathem87,0.0
10-14,Iathenudil29,0.0
10-14,Idacal95,0.0
10-14,Idai61,0.0
10-14,Idaidil28,0.0
10-14,Idairin51,0.0
10-14,Idaisuir85,0.0
10-14,Idastidru52,0.0
10-14,Iduelis31,0.0
10-14,Iduenu77,0.0
10-14,Ilaesudil92,0.0
10-14,Ilarin91,0.0
10-14,Ilassa51,0.0
10-14,Ilassast39,0.0
10-14,Ilast79,0.0
10-14,Ilastilis78,1.97
10-14,Ili43,0.0
10-14,Ililsan66,0.0
10-14,Ililsasya43,0.0
10-14,Ilimya66,0.0
10-14,Ilirrasda54,0.0
10-14,Ilista82,0.0
10-14,Iljask75,0.0
10-14,Ilmol66,0.0
10-14,Ilosia37,0.0
10-14,Ilosian36,0.0
10-14,Ilosianya35,0.0
10-14,Ilunyon70,0.0
10-14,Ina92,0.0
10-14,Inasti31,0.0
10-14,Inasuir29,0.0
10-14,Indcil77,0.0
10-14,Indirrian56,0.0
10-14,Indonmol95,0.0
10-14,Ingatcil75,0.0
10-14,Inguron55,0.0
10-14,Iral74,0.0
10-14,Iri67,0.0
10-14,Irilis75,0.0
10-14,Irillo49,0.0
10-14,Irith83,0.0
10-14,Irithlis29,0.0
10-14,Iskadarya95,0.0
10-14,Iskichinya81,0.0
10-14,Iskim66,0.0
10-14,Iskim96,0.0
10-14,Iskirra45,0.0
10-14,Iskjaskst81,0.0
10-14,Iskosia90,0.0
10-14,Iskosian40,0.0
10-14,Iskossasda43,0.0
10-14,Isri34,0.0
10-14,Isty55,0.0
10-14,Isurria36,0.0
10-14,Isursti83,0.0
10-14,Isursuir31,0.0
10-14,Ithergue48,0.0
10-14,Itheria73,0.0
10-14,Jeyciman68,0.0
10-14,Jiskadarst60,0.0
10-14,Jiskassa76,0.0
10-14,Jiskimsda56,0.0
10-14,Jiskimya77,0.0
10-14,Jiskirran77,0.0
10-14,Jiskjask60,0.0
10-14,Jiskjask80,4.19
10-14,Jiskjask85,0.0
10-14,Jiskossa61,0.0
10-14,Laedallo55,0.0
10-14,Lalossa38,0.0
10-14,Lamil79,0.0
10-14,Lassadarsda57,0.0
10-14,Lassassasda30,3.54
10-14,Lassassast73,0.0
10-14,Lassilsala30,0.0
10-14,Lassimla92,0.0
10-14,Lassirrasda85,0.0
10-14,Lassjask63,0.0
10-14,Lassjaskan73,0.0
10-14,Layjask75,0.0
10-14,Leetirraya83,0.0
10-14,Leyirra83,0.0
10-14,Liawista80,0.0
10-14,Lirtassa52,0.0
10-14,Lirtassan78,0.0
10-14,Lirtastan49,0.0
10-14,Lirtastsda29,0.0
10-14,Lirtastsya71,0.0
10-14,Lirtilsa71,0.0
10-14,Lirtilsa72,0.0
10-14,Lirtim36,0.0
10-14,Lirtimst73,0.0
10-14,Lirtirra37,0.0
10-14,Lirtirra81,1.56
10-14,Lirtistanya48,0.0
10-14,Lirtosia63,0.0
10-14,Lirtossa60,0.0
10-14,Lirtossa84,3.24
10-14,Lisadar44,0.0
10-14,Lisasi93,3.4800000000000004
10-14,Lisassa64,0.0
10-14,Lisassala98,0.0
10-14,Lisassasda39,0.0
10-14,Lisassasta50,0.0
10-14,Lisast87,0.0
10-14,Lisast98,0.0
10-14,Lisico81,0.0
10-14,Lisilsa62,0.0
10-14,Lisim51,0.0
10-14,Lisim78,0.0
10-14,Lisiriya82,0.0
10-14,Lisirra25,0.0
10-14,Lisirra58,0.0
10-14,Lisirra87,0.0
10-14,Lisista27,0.0
10-14,Lisista54,0.0
10-14,Lisista63,0.0
10-14,Lisjaskan36,3.36
10-14,Lisjaskya84,0.0
10-14,Lisopela58,0.0
10-14,Lisosia66,0.0
10-14,Lisosia93,0.0
10-14,Lisossa25,0.0
10-14,Lisossa46,0.0
10-14,Lisossala30,0.0
10-14,Lisossanya98,0.0
10-14,Lisotesta51,0.0
10-14,Lisovynya38,0.0
10-14,Malarrian73,0.0
10-14,Malil90,0.0
10-14,Malon70,0.0
10-14,Maluncil97,0.0
10-14,Malunil62,0.0
10-14,Maradaran90,0.0
10-14,Maradarnya40,0.0
10-14,Marassa62,0.0
10-14,Marast30,0.0
10-14,Maridisya31,0.0
10-14,Marilsa69,0.0
10-14,Marilsanya48,0.0
10-14,Marilsasya33,0.0
10-14,Marim28,0.0
10-14,Marirrasta50,0.0
10-14,Marjask87,0.0
10-14,Marokian45,0.0
10-14,Maropast28,0.0
10-14,Marughi89,0.0
10-14,Marundi65,0.0
10-14,Marynde90,0.0
10-14,Meosridil82,0.0
10-14,Mindadaran26,3.75
10-14,Mindesi74,0.0
10-14,Mindetosya30,0.0
10-14,Mindilsa34,0.0
10-14,Mindilsa60,0.0
10-14,Mindimnya67,0.0
10-14,Mindirranya33,0.0
10-14,Mindista32,0.0
10-14,Mindjasksya61,0.0
10-14,Mindossa76,0.0
10-14,Minduli80,0.0
10-14,Minduri31,0.0
10-14,Nitherian58,0.0
10-14,Palatyon26,0.0
10-14,Palyon91,0.0
10-14,Peorith44,0.0
10-14,Phaedasurap84,0.0
10-14,Phaedue89,0.0
10-14,Phaelap26,0.0
10-14,Phaena87,0.0
10-14,Phaestycal84,0.0
10-14,Pheodai94,0.0
10-14,Pheodaisun84,0.0
10-14,Pheosrinudeu70,0.0
10-14,Pheosurllorin41,0.0
10-14,Pheulidil31,0.0
10-14,Pheusrical25,0.0
10-14,Pheutherin27,0.0
10-14,Phiallylis33,0.0
10-14,Phiarithdeu40,0.0
10-14,Philodil43,0.0
10-14,Phiristi62,0.0
10-14,Phistym51,0.0
10-14,Phistyn52,0.0
10-14,Phyali88,0.0
10-14,Poshilsa82,0.0
10-14,Qarirwen82,0.0
10-14,Qilalista41,0.0
10-14,Qilanrion65,0.0
10-14,Qilatista90,0.0
10-14,Qilunan34,0.0
10-14,Quaecjask96,0.0
10-14,Quanenrian83,0.0
10-14,Quanrion96,0.0
10-14,Quanunwen42,0.0
10-14,Quaranmol58,0.0
10-14,Quarrion42,0.0
10-14,Quilassa66,0.0
10-14,Quinarap53,0.0
10-14,Raesty92,8.73
10-14,Raillydeu47,1.97
10-14,Rairin89,0.0
10-14,Rairith81,0.0
10-14,Raisty38,0.0
10-14,Rarallo90,0.0
10-14,Rastynusuir31,0.0
10-14,Raysistast71,0.0
10-14,Reulae52,0.0
10-14,Reunasu60,0.0
10-14,Rianistast50,0.0
10-14,Rilaera56,0.0
10-14,Ririp86,0.0
10-14,Risty84,0.0
10-14,Ristydru66,0.0
10-14,Rithe53,0.0
10-14,Ryanara76,0.0
10-14,Saedaiphos46,0.0
10-14,Saelaephos52,0.0
10-14,Saena74,0.0
10-14,Saena89,0.0
10-14,Saerallora71,0.0
10-14,Saesrideu94,0.0
10-14,Saida58,0.0
10-14,Saisrilis27,0.0
10-14,Saistyphos30,0.0
10-14,Salilis27,0.0
10-14,Sally64,0.0
10-14,Sastydeu50,0.0
10-14,Sausosia74,0.0
10-14,Seolollo93,0.0
10-14,Seosrim97,0.0
10-14,Seudaillorap38,0.0
10-14,Seuthep89,0.0
10-14,Shaidanu32,0.0
10-14,Shidai42,0.0
10-14,Siala43,0.0
10-14,Siallylis44,0.0
10-14,Siana77,1.97
10-14,Siarithria38,0.0
10-14,Sida61,0.0
10-14,Sidap51,4.24
10-14,Silaera56,0.0
10-14,Siralsudeu54,0.0
10-14,Sisur91,0.0
10-14,Smaistysu35,0.0
10-14,Sondadar26,0.0
10-14,Sondadarya58,0.0
10-14,Sondassan80,0.0
10-14,Sondassasya91,0.0
10-14,Sondastsda82,0.0
10-14,Sondilsaya62,0.0
10-14,Sondim68,0.0
10-14,Sondim73,0.0
10-14,Sondimla25,0.0
10-14,Sondistanya61,0.0
10-14,Sondossa69,0.0
10-14,Strithenu87,0.0
10-14,Styaduen40,0.0
10-14,Sundadar27,0.0
10-14,Sundadarla27,0.0
10-14,Sundassa93,0.0
10-14,Sundim98,0.0
10-14,Sundirrala66,0.0
10-14,Sundista37,0.0
10-14,Sundjask71,0.0
10-14,Syally44,0.0
10-14,Syalollorap93,0.0
10-14,Syathe73,0.0
10-14,Syathecal44,0.0
10-14,Taeduenu92,0.0
10-14,Thourdirra92,0.0
10-14,Thrientossa55,0.0
10-14,Thryallym62,0.0
10-14,Tyaedainu44,0.0
10-14,Tyaelaelis94,0.0
10-14,Tyaelistidru84,0.0
10-14,Tyaelly53,0.0
10-14,Tyaelo67,0.0
10-14,Tyaelorap29,0.0
10-14,Tyaenasti87,0.0
10-14,Tyaerith73,0.0
10-14,Tyalaesu89,0.0
10-14,Tyananurgue44,0.0
10-14,Tyarithn67,0.0
10-14,Tyeoralru41,0.0
10-14,Tyeosri53,0.0
10-14,Tyeudariasuir90,0.0
10-14,Tyeuduen32,0.0
10-14,Tyeurith29,0.0
10-14,Tyialisti80,0.0
10-14,Tyialisudeu65,0.0
10-14,Tyida79,0.0
10-14,Tyidaim51,0.0
10-14,Tyidainu31,0.0
10-14,Tyirinu79,0.0
10-14,Tyisur83,0.0
10-14,Umolrian85,0.0
10-14,Undare39,0.0
10-14,Undassa89,0.0
10-14,Undilsan50,0.0
10-14,Undimsya85,0.0
10-14,Undirra73,0.0
10-14,Undirrala66,0.0
10-14,Undirrasta89,0.0
10-14,Undista85,0.0
10-14,Undjask33,0.0
10-14,Undjaskla97,0.0
10-14,Undosia27,0.0
10-14,Undosian34,0.0
10-14,Undotesta33,0.0
10-14,Wailin72,0.0
10-14,Yadacal26,0.0
10-14,Yadaisuir65,0.0
10-14,Yadam35,0.0
10-14,Yadanu52,0.0
10-14,Yadaphos40,0.0
10-14,Yalae81,0.0
10-14,Yalaeria91,0.0
10-14,Yaliru88,0.0
10-14,Yalo85,0.0
10-14,Yalostiphos68,0.0
10-14,Yana46,0.0
10-14,Yarithllodeu72,0.0
10-14,Yarithrgue83,0.0
10-14,Yarithrin84,0.0
10-14,Yarithsurgue62,0.0
10-14,Yarolwen77,0.0
10-14,Yasrisu92,0.0
10-14,Yastyriaphos75,0.0
10-14,Yasur35,0.0
10-14,Yasur85,0.0
10-14,Yathecal72,0.0
10-14,Yathecal82,0.0
10-14,Yathedeu43,0.0
10-14,Yoishirrala98,0.0
10-14,Zhisrisu83,0.0
10-14,Zontibe81,0.0
15-19,Adairialis76,2.28
15-19,Adastirin33,0.0
15-19,Aeda94,4.91
15-19,Aela59,0.0
15-19,Aelaria33,0.0
15-19,Aelastirin39,0.0
15-19,Aelidru27,0.0
15-19,Aelin32,0.0
15-19,Aelly27,0.0
15-19,Aellynun67,0.0
15-19,Aellyria80,0.0
15-19,Aelollo59,0.0
15-19,Aenarap34,0.0
15-19,Aeral43,0.0
15-19,Aeral68,0.0
15-19,Aeral97,0.0
15-19,Aeralria27,0.0
15-19,Aeralstical35,0.0
15-19,Aeri84,0.0
15-19,Aerillorin70,3.33
15-19,Aerithllora36,0.0
15-19,Aerithnucal56,4.4
15-19,Aerithnuphos61,0.0
15-19,Aerithriaphos45,0.0
15-19,Aerithriaphos46,2.18
15-19,Aesri53,0.0
15-19,Aesty53,0.0
15-19,Aestysu37,0.0
15-19,Aesur96,0.0
15-19,Aesurstilis64,0.0
15-19,Aethedru70,0.0
15-19,Aidai53,4.6
15-19,Aidai61,0.0
15-19,Aidai73,3.08
15-19,Aidaillodeu39,7.859999999999999
15-19,Aidain51,0.0
15-19,Aidaira26,0.0
15-19,Aiduecal76,0.0
15-19,Aiduesu86,0.0
15-19,Aillyriadru65,0.0
15-19,Aillyrin83,0.0
15-19,Aina42,0.0
15-19,Aina43,3.09
15-19,Airi27,0.0
15-19,Aisur51,0.0
15-19,Aisurdru79,0.0
15-19,Aisurria69,0.0
15-19,Aithelis62,0.0
15-19,Alaephos75,0.0
15-19,Alaesu77,0.0
15-19,Alaesu91,0.0
15-19,Alarap40,3.27
15-19,Ali84,0.0
15-19,Alim85,0.0
15-19,Alo38,0.0
15-19,Anallorgue57,0.0
15-19,Ardcil81,0.0
15-19,Ardonmol96,0.0
15-19,Arin32,0.0
15-19,Arirgue63,0.0
15-19,Assassa81,0.0
15-19,Assassasta79,0.0
15-19,Assastnya25,0.0
15-19,Assehoan67,0.0
15-19,Assesi91,0.0
15-19,Assilsan72,0.0
15-19,Assim27,0.0
15-19,Assirra56,0.0
15-19,Assistasda42,0.0
15-19,Assistasda90,0.0
15-19,Assjaskan56,0.0
15-19,Assjaskan73,0.0
15-19,Assosia88,0.0
15-19,Assylla81,0.0
15-19,Asty82,0.0
15-19,Asur53,0.0
15-19,Asur96,0.0
15-19,Baelollodeu94,0.0
15-19,Bartassaya73,0.0
15-19,Caesrinusuir82,0.0
15-19,Ceoral34,0.0
15-19,Chadadarla74,0.0
15-19,Chadilsasta32,0.0
15-19,Chadirra90,2.05
15-19,Chadista79,0.0
15-19,Chadistaya75,0.0
15-19,Chadjask77,0.0
15-19,Chadjask85,0.0
15-19,Chadolyla44,0.0
15-19,Chadossa56,0.0
15-19,Chadossa89,0.0
15-19,Chamadar79,3.14
15-19,Chamadarnya73,0.0
15-19,Chamadarsda63,0.0
15-19,Chamalo71,0.0
15-19,Chamassasya86,0.0
15-19,Chamast86,0.0
15-19,Chamastya76,0.0
15-19,Chamilsala65,0.0
15-19,Chamiman85,0.0
15-19,Chamimla73,4.8
15-19,Chamimla85,6.300000000000001
15-19,Chamirra53,0.0
15-19,Chamirrasya33,0.0
15-19,Chamirraya83,0.0
15-19,Chamistast30,0.0
15-19,Chamjask73,0.0
15-19,Chamjaskya75,2.84
15-19,Chamossa77,0.0
15-19,Chanadar44,0.0
15-19,Chanastnya43,0.0
15-19,Chanastsda67,0.0
15-19,Chanastst38,0.0
15-19,Chanastya70,0.0
15-19,Chanilsasda38,2.52
15-19,Chanilsast61,0.0
15-19,Chanirra64,0.0
15-19,Chanirra79,0.0
15-19,Chanirrala39,0.0
15-19,Chanirrasta87,0.0
15-19,Chanista95,0.0
15-19,Chanjask65,4.32
15-19,Chanjaskan89,0.0
15-19,Chanosia34,0.0
15-19,Chanosia60,0.0
15-19,Chanosian48,0.0
15-19,Chanosiaya39,0.0
15-19,Chanossanya44,0.0
15-19,Chanossast57,0.0
15-19,Chanuchi25,0.0
15-19,Cosadar58,0.0
15-19,Dyally87,0.0
15-19,Ealiril69,0.0
15-19,Ealrion88,0.0
15-19,Ennalmol65,0.0
15-19,Ennoncil86,1.74
15-19,Ennrian78,0.0
15-19,Eodailis27,0.0
15-19,Eodairu79,0.0
15-19,Eodaisu60,3.94
15-19,Eolan54,0.0
15-19,Eoral49,4.35
15-19,Eoralrap26,0.0
15-19,Eosrirgue62,3.08
15-19,Eosurdru76,0.0
15-19,Eratiel90,4.6
15-19,Ermol76,0.0
15-19,Errian63,0.0
15-19,Eryon48,1.1
15-19,Ethralista69,0.0
15-19,Ethrasyon38,0.0
15-19,Ethriel85,0.0
15-19,Ethron58,0.0
15-19,Eudanu32,2.85
15-19,Eudanu84,0.0
15-19,Eulae84,0.0
15-19,Eulaestira36,4.140000000000001
15-19,Eulanurin88,0.0
15-19,Eulasuir89,0.0
15-19,Eulolis41,0.0
15-19,Eurisuru25,0.0
15-19,Eurithphos97,0.0
15-19,Eusri26,0.0
15-19,Eusri44,0.0
15-19,Eusri70,0.0
15-19,Eustyria89,0.0
15-19,Eusur90,0.0
15-19,Eusurdeu49,0.0
15-19,Euthe35,0.0
15-19,Eyircil84,0.0
15-19,Eyista89,0.0
15-19,Eyrian71,0.0
15-19,Farrian71,3.08
15-19,Farusrian86,0.0
15-19,Filrion59,0.0
15-19,Filrion83,4.4
15-19,Filurarn35,4.91
15-19,Firan91,0.0
15-19,Firatan58,0.0
15-19,Firon67,0.0
15-19,Fironon91,0.0
15-19,Frichadar89,0.0
15-19,Frichadaran88,0.0
15-19,Frichast28,0.0
15-19,Frichaststa61,0.0
15-19,Frichaya88,0.0
15-19,Frichilsa31,1.44
15-19,Frichim77,0.0
15-19,Frichirranya75,0.0
15-19,Frichjask31,0.0
15-19,Frichjaskan98,0.0
15-19,Frichocesta66,0.0
15-19,Frichosia58,4.43
15-19,Frichosiala98,0.0
15-19,Frichossala54,0.0
15-19,Frichynde86,1.63
15-19,Hada39,8.57
15-19,Haedairiadru51,0.0
15-19,Haeladil46,3.81
15-19,Haellysu29,0.0
15-19,Haerith37,0.0
15-19,Haerithp41,4.4
15-19,Haestyphos66,0.0
15-19,Hailaphos89,0.0
15-19,Haillyrgue51,0.0
15-19,Haisrisuir60,0.0
15-19,Haisurra41,0.0
15-19,Hala31,0.0
15-19,Halaecal66,0.0
15-19,Hallysucal81,0.0
15-19,Hari50,0.0
15-19,Hariphos58,2.05
15-19,Heollyra92,0.0
15-19,Heollyriap59,0.0
15-19,Heosurnuru52,4.46
15-19,Heudai45,0.0
15-19,Heuli25,0.0
15-19,Heunadil74,0.0
15-19,Hiaral50,4.19
15-19,Hiarideu73,0.0
15-19,Hiasri33,0.0
15-19,Hiasurria41,0.0
15-19,Hilaerin92,0.0
15-19,Hiral75,0.0
15-19,Hirirap39,0.0
15-19,Hisridru55,3.08
15-19,Hyaduesu61,0.0
15-19,Iadueria43,0.0
15-19,Ialallo29,11.84
15-19,Ialidru40,0.0
15-19,Iana95,0.0
15-19,Iarallo65,0.0
15-19,Iaralrgue74,0.0
15-19,Iaralsuir44,0.0
15-19,Iarilis73,0.0
15-19,Iasrira89,0.0
15-19,Iasur80,0.0
15-19,Iasurriacal29,0.0
15-19,Iasursti71,0.0
15-19,Iathem87,0.0
15-19,Iathenudil29,0.0
15-19,Idacal95,0.0
15-19,Idai61,8.23
15-19,Idaidil28,7.59
15-19,Idairin51,0.0
15-19,Idaisuir85,0.0
15-19,Idastidru52,0.0
15-19,Iduelis31,0.0
15-19,Iduenu77,3.82
15-19,Ilaesudil92,0.0
15-19,Ilarin91,0.0
15-19,Ilassa51,0.0
15-19,Ilassast39,1.63
15-19,Ilast79,0.0
15-19,Ilastilis78,0.0
15-19,Ili43,2.18
15-19,Ililsan66,0.0
15-19,Ililsasya43,1.02
15-19,Ilimya66,0.0
15-19,Ilirrasda54,0.0
15-19,Ilista82,0.0
15-19,Iljask75,0.0
15-19,Ilmol66,0.0
15-19,Ilosia37,0.0
15-19,Ilosian36,4.58
15-19,Ilosianya35,0.0
15-19,Ilunyon70,0.0
15-19,Ina92,0.0
15-19,Inasti31,2.89
15-19,Inasuir29,0.0
15-19,Indcil77,4.35
15-19,Indirrian56,0.0
15-19,Indonmol95,3.3
15-19,Ingatcil75,0.0
15-19,Inguron55,0.0
15-19,Iral74,0.0
15-19,Iri67,0.0
15-19,Irilis75,0.0
15-19,Irillo49,0.0
15-19,Irith83,2.07
15-19,Irithlis29,0.0
15-19,Iskadarya95,0.0
15-19,Iskichinya81,0.0
15-19,Iskim66,3.46
15-19,Iskim96,1.33
15-19,Iskirra45,0.0
15-19,Iskjaskst81,0.0
15-19,Iskosia90,0.0
15-19,Iskosian40,3.07
15-19,Iskossasda43,4.35
15-19,Isri34,0.0
15-19,Isty55,0.0
15-19,Isurria36,0.0
15-19,Isursti83,0.0
15-19,Isursuir31,0.0
15-19,Ithergue48,0.0
15-19,Itheria73,0.0
15-19,Jeyciman68,0.0
15-19,Jiskadarst60,4.4
15-19,Jiskassa76,0.0
15-19,Jiskimsda56,0.0
15-19,Jiskimya77,5.98
15-19,Jiskirran77,0.0
15-19,Jiskjask60,0.0
15-19,Jiskjask80,0.0
15-19,Jiskjask85,0.0
15-19,Jiskossa61,0.0
15-19,Laedallo55,0.0
15-19,Lalossa38,0.0
15-19,Lamil79,0.0
15-19,Lassadarsda57,0.0
15-19,Lassassasda30,0.0
15-19,Lassassast73,4.65
15-19,Lassilsala30,0.0
15-19,Lassimla92,0.0
15-19,Lassirrasda85,0.0
15-19,Lassjask63,0.0
15-19,Lassjaskan73,0.0
15-19,Layjask75,0.0
15-19,Leetirraya83,0.0
15-19,Leyirra83,0.0
15-19,Liawista80,0.0
15-19,Lirtassa52,1.09
15-19,Lirtassan78,3.27
15-19,Lirtastan49,0.0
15-19,Lirtastsda29,6.84
15-19,Lirtastsya71,0.0
15-19,Lirtilsa71,0.0
15-19,Lirtilsa72,0.0
15-19,Lirtim36,1.33
15-19,Lirtimst73,0.0
15-19,Lirtirra37,0.0
15-19,Lirtirra81,0.0
15-19,Lirtistanya48,0.0
15-19,Lirtosia63,0.0
15-19,Lirtossa60,0.0
15-19,Lirtossa84,0.0
15-19,Lisadar44,0.0
15-19,Lisasi93,0.0
15-19,Lisassa64,0.0
15-19,Lisassala98,2.92
15-19,Lisassasda39,0.0
15-19,Lisassasta50,0.0
15-19,Lisast87,6.6
15-19,Lisast98,0.0
15-19,Lisico81,0.0
15-19,Lisilsa62,0.0
15-19,Lisim51,0.0
15-19,Lisim78,0.0
15-19,Lisiriya82,0.0
15-19,Lisirra25,0.0
15-19,Lisirra58,0.0
15-19,Lisirra87,0.0
15-19,Lisista27,3.47
15-19,Lisista54,0.0
15-19,Lisista63,1.74
15-19,Lisjaskan36,0.0
15-19,Lisjaskya84,0.0
15-19,Lisopela58,0.0
15-19,Lisosia66,0.0
15-19,Lisosia93,0.0
15-19,Lisossa25,0.0
15-19,Lisossa46,0.0
15-19,Lisossala30,0.0
15-19,Lisossanya98,0.0
15-19,Lisotesta51,1.94
15-19,Lisovynya38,0.0
15-19,Malarrian73,1.4
15-19,Malil90,0.0
15-19,Malon70,0.0
15-19,Maluncil97,0.0
15-19,Malunil62,7.52
15-19,Maradaran90,0.0
15-19,Maradarnya40,0.0
15-19,Marassa62,0.0
15-19,Marast30,3.53
15-19,Maridisya31,0.0
15-19,Marilsa69,0.0
15-19,Marilsanya48,0.0
15-19,Marilsasya33,2.7
15-19,Marim28,0.0
15-19,Marirrasta50,4.66
15-19,Marjask87,0.0
15-19,Marokian45,0.0
15-19,Maropast28,0.0
15-19,Marughi89,0.0
15-19,Marundi65,0.0
15-19,Marynde90,0.0
15-19,Meosridil82,4.9
15-19,Mindadaran26,0.0
15-19,Mindesi74,0.0
15-19,Mindetosya30,0.0
15-19,Mindilsa34,0.0
15-19,Mindilsa60,0.0
15-19,Mindimnya67,0.0
15-19,Mindirranya33,0.0
15-19,Mindista32,0.0
15-19,Mindjasksya61,2.6
15-19,Mindossa76,0.0
15-19,Minduli80,0.0
15-19,Minduri31,0.0
15-19,Nitherian58,0.0
15-19,Palatyon26,0.0
15-19,Palyon91,0.0
15-19,Peorith44,0.0
15-19,Phaedasurap84,3.82
15-19,Phaedue89,0.0
15-19,Phaelap26,0.0
15-19,Phaena87,0.0
15-19,Phaestycal84,0.0
15-19,Pheodai94,0.0
15-19,Pheodaisun84,0.0
15-19,Pheosrinudeu70,0.0
15-19,Pheosurllorin41,0.0
15-19,Pheulidil31,0.0
15-19,Pheusrical25,0.0
15-19,Pheutherin27,0.0
15-19,Phiallylis33,4.58
15-19,Phiarithdeu40,0.0
15-19,Philodil43,0.0
15-19,Phiristi62,0.0
15-19,Phistym51,0.0
15-19,Phistyn52,0.0
15-19,Phyali88,10.3
15-19,Poshilsa82,4.86
15-19,Qarirwen82,0.0
15-19,Qilalista41,0.0
15-19,Qilanrion65,0.0
15-19,Qilatista90,1.76
15-19,Qilunan34,0.0
15-19,Quaecjask96,0.0
15-19,Quanenrian83,2.27
15-19,Quanrion96,0.0
15-19,Quanunwen42,0.0
15-19,Quaranmol58,0.0
15-19,Quarrion42,0.0
15-19,Quilassa66,0.0
15-19,Quinarap53,7.07
15-19,Raesty92,0.0
15-19,Raillydeu47,0.0
15-19,Rairin89,0.0
15-19,Rairith81,2.22
15-19,Raisty38,3.27
15-19,Rarallo90,0.0
15-19,Rastynusuir31,0.0
15-19,Raysistast71,0.0
15-19,Reulae52,0.0
15-19,Reunasu60,0.0
15-19,Rianistast50,0.0
15-19,Rilaera56,0.0
15-19,Ririp86,0.0
15-19,Risty84,0.0
15-19,Ristydru66,0.0
15-19,Rithe53,3.39
15-19,Ryanara76,0.0
15-19,Saedaiphos46,8.83
15-19,Saelaephos52,0.0
15-19,Saena74,0.0
15-19,Saena89,0.0
15-19,Saerallora71,0.0
15-19,Saesrideu94,0.0
15-19,Saida58,1.03
15-19,Saisrilis27,1.75
15-19,Saistyphos30,0.0
15-19,Salilis27,0.0
15-19,Sally64,0.0
15-19,Sastydeu50,0.0
15-19,Sausosia74,0.0
15-19,Seolollo93,0.0
15-19,Seosrim97,0.0
15-19,Seudaillorap38,0.0
15-19,Seuthep89,0.0
15-19,Shaidanu32,0.0
15-19,Shidai42,0.0
15-19,Siala43,0.0
15-19,Siallylis44,0.0
15-19,Siana77,0.0
15-19,Siarithria38,0.0
15-19,Sida61,0.0
15-19,Sidap51,0.0
15-19,Silaera56,0.0
15-19,Siralsudeu54,0.0
15-19,Sisur91,0.0
15-19,Smaistysu35,0.0
15-19,Sondadar26,0.0
15-19,Sondadarya58,1.75
15-19,Sondassan80,0.0
15-19,Sondassasya91,0.0
15-19,Sondastsda82,0.0
15-19,Sondilsaya62,0.0
15-19,Sondim68,0.0
15-19,Sondim73,4.4
15-19,Sondimla25,4.32
15-19,Sondistanya61,3.45
15-19,Sondossa69,0.0
15-19,Strithenu87,0.0
15-19,Styaduen40,1.66
15-19,Sundadar27,0.0
15-19,Sundadarla27,0.0
15-19,Sundassa93,2.45
15-19,Sundim98,0.0
15-19,Sundirrala66,0.0
15-19,Sundista37,0.0
15-19,Sundjask71,0.0
15-19,Syally44,4.46
15-19,Syalollorap93,0.0
15-19,Syathe73,0.0
15-19,Syathecal44,2.42
15-19,Taeduenu92,4.4
15-19,Thourdirra92,1.44
15-19,Thrientossa55,0.0
15-19,Thryallym62,0.0
15-19,Tyaedainu44,0.0
15-19,Tyaelaelis94,0.0
15-19,Tyaelistidru84,3.26
15-19,Tyaelly53,2.07
15-19,Tyaelo67,0.0
15-19,Tyaelorap29,0.0
15-19,Tyaenasti87,0.0
15-19,Tyaerith73,0.0
15-19,Tyalaesu89,0.0
15-19,Tyananurgue44,3.27
15-19,Tyarithn67,0.0
15-19,Tyeoralru41,2.94
15-19,Tyeosri53,0.0
15-19,Tyeudariasuir90,0.0
15-19,Tyeuduen32,0.0
15-19,Tyeurith29,0.0
15-19,Tyialisti80,0.0
15-19,Tyialisudeu65,0.0
15-19,Tyida79,0.0
15-19,Tyidaim51,11.83
15-19,Tyidainu31,2.49
15-19,Tyirinu79,0.0
15-19,Tyisur83,0.0
15-19,Umolrian85,0.0
15-19,Undare39,0.0
15-19,Undassa89,0.0
15-19,Undilsan50,0.0
15-19,Undimsya85,0.0
15-19,Undirra73,0.0
15-19,Undirrala66,0.0
15-19,Undirrasta89,0.0
15-19,Undista85,0.0
15-19,Undjask33,0.0
15-19,Undjaskla97,0.0
15-19,Undosia27,3.77
15-19,Undosian34,0.0
15-19,Undotesta33,4.74
15-19,Wailin72,0.0
15-19,Yadacal26,6.54
15-19,Yadaisuir65,0.0
15-19,Yadam35,0.0
15-19,Yadanu52,0.0
15-19,Yadaphos40,0.0
15-19,Yalae81,0.0
15-19,Yalaeria91,0.0
15-19,Yaliru88,3.03
15-19,Yalo85,0.0
15-19,Yalostiphos68,0.0
15-19,Yana46,0.0
15-19,Yarithllodeu72,0.0
15-19,Yarithrgue83,0.0
15-19,Yarithrin84,0.0
15-19,Yarithsurgue62,0.0
15-19,Yarolwen77,0.0
15-19,Yasrisu92,0.0
15-19,Yastyriaphos75,0.0
15-19,Yasur35,0.0
15-19,Yasur85,0.0
15-19,Yathecal72,0.0
15-19,Yathecal82,0.0
15-19,Yathedeu43,0.0
15-19,Yoishirrala98,4.58
15-19,Zhisrisu83,0.0
15-19,Zontibe81,0.0
20-24,Adairialis76,0.0
20-24,Adastirin33,0.0
20-24,Aeda94,0.0
20-24,Aela59,4.32
20-24,Aelaria33,1.79
20-24,Aelastirin39,7.289999999999999
20-24,Aelidru27,1.09
20-24,Aelin32,8.98
20-24,Aelly27,6.789999999999999
20-24,Aellynun67,0.0
20-24,Aellyria80,3.08
20-24,Aelollo59,0.0
20-24,Aenarap34,2.96
20-24,Aeral43,4.4
20-24,Aeral68,0.0
20-24,Aeral97,4.8
20-24,Aeralria27,0.0
20-24,Aeralstical35,2.96
20-24,Aeri84,1.61
20-24,Aerillorin70,0.0
20-24,Aerithllora36,0.0
20-24,Aerithnucal56,0.0
20-24,Aerithnuphos61,0.0
20-24,Aerithriaphos45,1.56
20-24,Aerithriaphos46,0.0
20-24,Aesri53,0.0
20-24,Aesty53,3.91
20-24,Aestysu37,0.0
20-24,Aesur96,2.21
20-24,Aesurstilis64,0.0
20-24,Aethedru70,3.54
20-24,Aidai53,0.0
20-24,Aidai61,1.01
20-24,Aidai73,0.0
20-24,Aidaillodeu39,0.0
20-24,Aidain51,0.0
20-24,Aidaira26,0.0
20-24,Aiduecal76,7.58
20-24,Aiduesu86,4.48
20-24,Aillyriadru65,1.1
20-24,Aillyrin83,0.0
20-24,Aina42,0.0
20-24,Aina43,0.0
20-24,Airi27,3.45
20-24,Aisur51,0.0
20-24,Aisurdru79,0.0
20-24,Aisurria69,1.79
20-24,Aithelis62,6.78
20-24,Alaephos75,4.84
20-24,Alaesu77,0.0
20-24,Alaesu91,0.0
20-24,Alarap40,0.0
20-24,Ali84,0.0
20-24,Alim85,0.0
20-24,Alo38,1.0
20-24,Anallorgue57,0.0
20-24,Ardcil81,0.0
20-24,Ardonmol96,1.55
20-24,Arin32,0.0
20-24,Arirgue63,0.0
20-24,Assassa81,0.0
20-24,Assassasta79,0.0
20-24,Assastnya25,4.48
20-24,Assehoan67,0.0
20-24,Assesi91,1.54
20-24,Assilsan72,4.9
20-24,Assim27,0.0
20-24,Assirra56,3.19
20-24,Assistasda42,5.92
20-24,Assistasda90,0.0
20-24,Assjaskan56,0.0
20-24,Assjaskan73,1.7
20-24,Assosia88,1.33
20-24,Assylla81,4.18
20-24,Asty82,0.0
20-24,Asur53,0.0
20-24,Asur96,4.74
20-24,Baelollodeu94,9.03
20-24,Bartassaya73,0.0
20-24,Caesrinusuir82,0.0
20-24,Ceoral34,4.58
20-24,Chadadarla74,0.0
20-24,Chadilsasta32,4.29
20-24,Chadirra90,0.0
20-24,Chadista79,0.0
20-24,Chadistaya75,3.94
20-24,Chadjask77,0.0
20-24,Chadjask85,3.87
20-24,Chadolyla44,11.46
20-24,Chadossa56,1.98
20-24,Chadossa89,3.19
20-24,Chamadar79,0.0
20-24,Chamadarnya73,0.0
20-24,Chamadarsda63,3.92
20-24,Chamalo71,0.0
20-24,Chamassasya86,3.27
20-24,Chamast86,0.0
20-24,Chamastya76,0.0
20-24,Chamilsala65,8.55
20-24,Chamiman85,4.4
20-24,Chamimla73,0.0
20-24,Chamimla85,0.0
20-24,Chamirra53,5.36
20-24,Chamirrasya33,3.05
20-24,Chamirraya83,0.0
20-24,Chamistast30,0.0
20-24,Chamjask73,13.83
20-24,Chamjaskya75,0.0
20-24,Chamossa77,1.77
20-24,Chanadar44,0.0
20-24,Chanastnya43,8.82
20-24,Chanastsda67,3.7
20-24,Chanastst38,6.58
20-24,Chanastya70,3.58
20-24,Chanilsasda38,0.0
20-24,Chanilsast61,0.0
20-24,Chanirra64,0.0
20-24,Chanirra79,1.01
20-24,Chanirrala39,6.15
20-24,Chanirrasta87,0.0
20-24,Chanista95,0.0
20-24,Chanjask65,0.0
20-24,Chanjaskan89,5.17
20-24,Chanosia34,2.96
20-24,Chanosia60,0.0
20-24,Chanosian48,0.0
20-24,Chanosiaya39,0.0
20-24,Chanossanya44,6.28
20-24,Chanossast57,0.0
20-24,Chanuchi25,3.97
20-24,Cosadar58,0.0
20-24,Dyally87,4.99
20-24,Ealiril69,0.0
20-24,Ealrion88,0.0
20-24,Ennalmol65,4.88
20-24,Ennoncil86,0.0
20-24,Ennrian78,6.08
20-24,Eodailis27,0.0
20-24,Eodairu79,0.0
20-24,Eodaisu60,0.0
20-24,Eolan54,0.0
20-24,Eoral49,0.0
20-24,Eoralrap26,1.7
20-24,Eosrirgue62,0.0
20-24,Eosurdru76,0.0
20-24,Eratiel90,0.0
20-24,Ermol76,2.5
20-24,Errian63,0.0
20-24,Eryon48,0.0
20-24,Ethralista69,0.0
20-24,Ethrasyon38,0.0
20-24,Ethriel85,0.0
20-24,Ethron58,2.49
20-24,Eudanu32,0.0
20-24,Eudanu84,1.02
20-24,Eulae84,0.0
20-24,Eulaestira36,0.0
20-24,Eulanurin88,0.0
20-24,Eulasuir89,2.67
20-24,Eulolis41,2.67
20-24,Eurisuru25,2.18
20-24,Eurithphos97,0.0
20-24,Eusri26,0.0
20-24,Eusri44,0.0
20-24,Eusri70,7.34
20-24,Eustyria89,0.0
20-24,Eusur90,0.0
20-24,Eusurdeu49,4.94
20-24,Euthe35,1.03
20-24,Eyircil84,4.35
20-24,Eyista89,0.0
20-24,Eyrian71,0.0
20-24,Farrian71,0.0
20-24,Farusrian86,0.0
20-24,Filrion59,0.0
20-24,Filrion83,0.0
20-24,Filurarn35,0.0
20-24,Firan91,4.91
20-24,Firatan58,3.75
20-24,Firon67,0.0
20-24,Fironon91,0.0
20-24,Frichadar89,2.67
20-24,Frichadaran88,0.0
20-24,Frichast28,2.05
20-24,Frichaststa61,1.79
20-24,Frichaya88,0.0
20-24,Frichilsa31,0.0
20-24,Frichim77,3.75
20-24,Frichirranya75,0.0
20-24,Frichjask31,4.43
20-24,Frichjaskan98,0.0
20-24,Frichocesta66,8.370000000000001
20-24,Frichosia58,0.0
20-24,Frichosiala98,3.54
20-24,Frichossala54,0.0
20-24,Frichynde86,0.0
20-24,Hada39,0.0
20-24,Haedairiadru51,3.09
20-24,Haeladil46,0.0
20-24,Haellysu29,3.77
20-24,Haerith37,1.66
20-24,Haerithp41,0.0
20-24,Haestyphos66,1.97
20-24,Hailaphos89,0.0
20-24,Haillyrgue51,0.0
20-24,Haisrisuir60,6.86
20-24,Haisurra41,4.4
20-24,Hala31,1.02
20-24,Halaecal66,7.109999999999999
20-24,Hallysucal81,0.0
20-24,Hari50,5.91
20-24,Hariphos58,0.0
20-24,Heollyra92,3.07
20-24,Heollyriap59,3.47
20-24,Heosurnuru52,0.0
20-24,Heudai45,0.0
20-24,Heuli25,6.550000000000001
20-24,Heunadil74,1.54
20-24,Hiaral50,0.0
20-24,Hiarideu73,2.5
20-24,Hiasri33,7.49
20-24,Hiasurria41,0.0
20-24,Hilaerin92,3.61
20-24,Hiral75,1.98
20-24,Hirirap39,2.71
20-24,Hisridru55,0.0
20-24,Hyaduesu61,4.23
20-24,Iadueria43,1.71
20-24,Ialallo29,0.0
20-24,Ialidru40,3.16
20-24,Iana95,0.0
20-24,Iarallo65,0.0
20-24,Iaralrgue74,0.0
20-24,Iaralsuir44,7.620000000000001
20-24,Iarilis73,0.0
20-24,Iasrira89,6.25
20-24,Iasur80,3.3200000000000003
20-24,Iasurriacal29,4.07
20-24,Iasursti71,1.66
20-24,Iathem87,3.19
20-24,Iathenudil29,4.6
20-24,Idacal95,0.0
20-24,Idai61,0.0
20-24,Idaidil28,0.0
20-24,Idairin51,7.0
20-24,Idaisuir85,0.0
20-24,Idastidru52,15.45
20-24,Iduelis31,1.1
20-24,Iduenu77,0.0
20-24,Ilaesudil92,0.0
20-24,Ilarin91,12.7
20-24,Ilassa51,2.22
20-24,Ilassast39,0.0
20-24,Ilast79,2.05
20-24,Ilastilis78,0.0
20-24,Ili43,0.0
20-24,Ililsan66,0.0
20-24,Ililsasya43,0.0
20-24,Ilimya66,0.0
20-24,Ilirrasda54,0.0
20-24,Ilista82,1.14
20-24,Iljask75,3.61
20-24,Ilmol66,0.0
20-24,Ilosia37,7.35
20-24,Ilosian36,0.0
20-24,Ilosianya35,0.0
20-24,Ilunyon70,3.54
20-24,Ina92,0.0
20-24,Inasti31,0.0
20-24,Inasuir29,0.0
20-24,Indcil77,0.0
20-24,Indirrian56,1.77
20-24,Indonmol95,0.0
20-24,Ingatcil75,1.56
20-24,Inguron55,11.11
20-24,Iral74,13.619999999999997
20-24,Iri67,11.370000000000001
20-24,Irilis75,1.02
20-24,Irillo49,3.79
20-24,Irith83,0.0
20-24,Irithlis29,4.86
20-24,Iskadarya95,13.1
20-24,Iskichinya81,4.9399999999999995
20-24,Iskim66,0.0
20-24,Iskim96,0.0
20-24,Iskirra45,3.03
20-24,Iskjaskst81,4.42
20-24,Iskosia90,1.44
20-24,Iskosian40,0.0
20-24,Iskossasda43,0.0
20-24,Isri34,0.0
20-24,Isty55,4.08
20-24,Isurria36,1.02
20-24,Isursti83,1.54
20-24,Isursuir31,0.0
20-24,Ithergue48,4.88
20-24,Itheria73,0.0
20-24,Jeyciman68,2.05
20-24,Jiskadarst60,0.0
20-24,Jiskassa76,1.87
20-24,Jiskimsda56,0.0
20-24,Jiskimya77,0.0
20-24,Jiskirran77,3.39
20-24,Jiskjask60,2.22
20-24,Jiskjask80,0.0
20-24,Jiskjask85,0.0
20-24,Jiskossa61,3.16
20-24,Laedallo55,0.0
20-24,Lalossa38,0.0
20-24,Lamil79,0.0
20-24,Lassadarsda57,0.0
20-24,Lassassasda30,0.0
20-24,Lassassast73,0.0
20-24,Lassilsala30,11.510000000000002
20-24,Lassimla92,0.0
20-24,Lassirrasda85,3.44
20-24,Lassjask63,0.0
20-24,Lassjaskan73,2.5
20-24,Layjask75,1.7
20-24,Leetirraya83,6.58
20-24,Leyirra83,7.300000000000001
20-24,Liawista80,0.0
20-24,Lirtassa52,0.0
20-24,Lirtassan78,0.0
20-24,Lirtastan49,0.0
20-24,Lirtastsda29,0.0
20-24,Lirtastsya71,5.43
20-24,Lirtilsa71,4.94
20-24,Lirtilsa72,7.33
20-24,Lirtim36,0.0
20-24,Lirtimst73,4.38
20-24,Lirtirra37,0.0
20-24,Lirtirra81,0.0
20-24,Lirtistanya48,6.300000000000001
20-24,Lirtosia63,0.0
20-24,Lirtossa60,4.5600000000000005
20-24,Lirtossa84,0.0
20-24,Lisadar44,0.0
20-24,Lisasi93,0.0
20-24,Lisassa64,2.89
20-24,Lisassala98,0.0
20-24,Lisassasda39,0.0
20-24,Lisassasta50,0.0
20-24,Lisast87,0.0
20-24,Lisast98,3.97
20-24,Lisico81,0.0
20-24,Lisilsa62,0.0
20-24,Lisim51,5.66
20-24,Lisim78,10.02
20-24,Lisiriya82,0.0
20-24,Lisirra25,2.52
20-24,Lisirra58,2.96
20-24,Lisirra87,0.0
20-24,Lisista27,0.0
20-24,Lisista54,3.83
20-24,Lisista63,0.0
20-24,Lisjaskan36,0.0
20-24,Lisjaskya84,0.0
20-24,Lisopela58,8.86
20-24,Lisosia66,3.65
20-24,Lisosia93,0.0
20-24,Lisossa25,3.12
20-24,Lisossa46,0.0
20-24,Lisossala30,4.35
20-24,Lisossanya98,0.0
20-24,Lisotesta51,0.0
20-24,Lisovynya38,0.0
20-24,Malarrian73,0.0
20-24,Malil90,2.18
20-24,Malon70,2.38
20-24,Maluncil97,0.0
20-24,Malunil62,0.0
20-24,Maradaran90,0.0
20-24,Maradarnya40,2.37
20-24,Marassa62,4.35
20-24,Marast30,0.0
20-24,Maridisya31,0.0
20-24,Marilsa69,0.0
20-24,Marilsanya48,0.0
20-24,Marilsasya33,0.0
20-24,Marim28,0.0
20-24,Marirrasta50,0.0
20-24,Marjask87,1.44
20-24,Marokian45,3.53
20-24,Maropast28,4.76
20-24,Marughi89,2.18
20-24,Marundi65,1.75
20-24,Marynde90,0.0
20-24,Meosridil82,0.0
20-24,Mindadaran26,0.0
20-24,Mindesi74,5.48
20-24,Mindetosya30,3.16
20-24,Mindilsa34,2.37
20-24,Mindilsa60,1.28
20-24,Mindimnya67,4.18
20-24,Mindirranya33,0.0
20-24,Mindista32,4.23
20-24,Mindjasksya61,0.0
20-24,Mindossa76,0.0
20-24,Minduli80,0.0
20-24,Minduri31,0.0
20-24,Nitherian58,0.0
20-24,Palatyon26,2.37
20-24,Palyon91,3.39
20-24,Peorith44,3.44
20-24,Phaedasurap84,0.0
20-24,Phaedue89,3.85
20-24,Phaelap26,0.0
20-24,Phaena87,5.49
20-24,Phaestycal84,3.97
20-24,Pheodai94,0.0
20-24,Pheodaisun84,0.0
20-24,Pheosrinudeu70,7.16
20-24,Pheosurllorin41,5.38
20-24,Pheulidil31,3.27
20-24,Pheusrical25,3.82
20-24,Pheutherin27,4.18
20-24,Phiallylis33,0.0
20-24,Phiarithdeu40,1.48
20-24,Philodil43,0.0
20-24,Phiristi62,0.0
20-24,Phistym51,0.0
20-24,Phistyn52,1.63
20-24,Phyali88,0.0
20-24,Poshilsa82,0.0
20-24,Qarirwen82,0.0
20-24,Qilalista41,1.02
20-24,Qilanrion65,0.0
20-24,Qilatista90,0.0
20-24,Qilunan34,4.58
20-24,Quaecjask96,0.0
20-24,Quanenrian83,0.0
20-24,Quanrion96,3.08
20-24,Quanunwen42,3.49
20-24,Quaranmol58,3.33
20-24,Quarrion42,4.23
20-24,Quilassa66,0.0
20-24,Quinarap53,0.0
20-24,Raesty92,0.0
20-24,Raillydeu47,0.0
20-24,Rairin89,3.45
20-24,Rairith81,0.0
20-24,Raisty38,0.0
20-24,Rarallo90,0.0
20-24,Rastynusuir31,2.27
20-24,Raysistast71,3.65
20-24,Reulae52,0.0
20-24,Reunasu60,8.82
20-24,Rianistast50,4.23
20-24,Rilaera56,4.08
20-24,Ririp86,0.0
20-24,Risty84,0.0
20-24,Ristydru66,0.0
20-24,Rithe53,0.0
20-24,Ryanara76,0.0
20-24,Saedaiphos46,0.0
20-24,Saelaephos52,6.359999999999999
20-24,Saena74,4.74
20-24,Saena89,3.41
20-24,Saerallora71,4.43
20-24,Saesrideu94,0.0
20-24,Saida58,0.0
20-24,Saisrilis27,0.0
20-24,Saistyphos30,0.0
20-24,Salilis27,0.0
20-24,Sally64,0.0
20-24,Sastydeu50,0.0
20-24,Sausosia74,6.609999999999999
20-24,Seolollo93,0.0
20-24,Seosrim97,5.36
20-24,Seudaillorap38,0.0
20-24,Seuthep89,0.0
20-24,Shaidanu32,3.08
20-24,Shidai42,0.0
20-24,Siala43,0.0
20-24,Siallylis44,10.370000000000001
20-24,Siana77,0.0
20-24,Siarithria38,0.0
20-24,Sida61,5.43
20-24,Sidap51,0.0
20-24,Silaera56,8.48
20-24,Siralsudeu54,2.45
20-24,Sisur91,0.0
20-24,Smaistysu35,0.0
20-24,Sondadar26,0.0
20-24,Sondadarya58,0.0
20-24,Sondassan80,0.0
20-24,Sondassasya91,3.81
20-24,Sondastsda82,7.890000000000001
20-24,Sondilsaya62,3.14
20-24,Sondim68,5.66
20-24,Sondim73,0.0
20-24,Sondimla25,0.0
20-24,Sondistanya61,0.0
20-24,Sondossa69,0.0
20-24,Strithenu87,10.18
20-24,Styaduen40,0.0
20-24,Sundadar27,0.0
20-24,Sundadarla27,2.85
20-24,Sundassa93,0.0
20-24,Sundim98,4.75
20-24,Sundirrala66,7.78
20-24,Sundista37,0.0
20-24,Sundjask71,0.0
20-24,Syally44,0.0
20-24,Syalollorap93,4.24
20-24,Syathe73,0.0
20-24,Syathecal44,0.0
20-24,Taeduenu92,0.0
20-24,Thourdirra92,0.0
20-24,Thrientossa55,2.85
20-24,Thryallym62,2.05
20-24,Tyaedainu44,0.0
20-24,Tyaelaelis94,4.4
20-24,Tyaelistidru84,0.0
20-24,Tyaelly53,0.0
20-24,Tyaelo67,0.0
20-24,Tyaelorap29,0.0
20-24,Tyaenasti87,4.4
20-24,Tyaerith73,0.0
20-24,Tyalaesu89,0.0
20-24,Tyananurgue44,0.0
20-24,Tyarithn67,0.0
20-24,Tyeoralru41,0.0
20-24,Tyeosri53,5.92
20-24,Tyeudariasuir90,3.58
20-24,Tyeuduen32,4.05
20-24,Tyeurith29,0.0
20-24,Tyialisti80,4.14
20-24,Tyialisudeu65,5.050000000000001
20-24,Tyida79,7.390000000000001
20-24,Tyidaim51,0.0
20-24,Tyidainu31,0.0
20-24,Tyirinu79,4.24
20-24,Tyisur83,5.359999999999999
20-24,Umolrian85,0.0
20-24,Undare39,4.04
20-24,Undassa89,0.0
20-24,Undilsan50,1.79
20-24,Undimsya85,0.0
20-24,Undirra73,0.0
20-24,Undirrala66,5.470000000000001
20-24,Undirrasta89,1.94
20-24,Undista85,3.45
20-24,Undjask33,1.1
20-24,Undjaskla97,0.0
20-24,Undosia27,0.0
20-24,Undosian34,8.3
20-24,Undotesta33,0.0
20-24,Wailin72,2.73
20-24,Yadacal26,0.0
20-24,Yadaisuir65,4.09
20-24,Yadam35,0.0
20-24,Yadanu52,0.0
20-24,Yadaphos40,0.0
20-24,Yalae81,6.6899999999999995
20-24,Yalaeria91,0.0
20-24,Yaliru88,0.0
20-24,Yalo85,0.0
20-24,Yalostiphos68,0.0
20-24,Yana46,3.55
20-24,Yarithllodeu72,3.75
20-24,Yarithrgue83,3.45
20-24,Yarithrin84,0.0
20-24,Yarithsurgue62,0.0
20-24,Yarolwen77,0.0
20-24,Yasrisu92,0.0
20-24,Yastyriaphos75,4.75
20-24,Yasur35,0.0
20-24,Yasur85,1.1
20-24,Yathecal72,3.46
20-24,Yathecal82,6.22
20-24,Yathedeu43,6.02
20-24,Yoishirrala98,0.0
20-24,Zhisrisu83,0.0
20-24,Zontibe81,8.03
25-29,Adairialis76,0.0
25-29,Adastirin33,0.0
25-29,Aeda94,0.0
25-29,Aela59,0.0
25-29,Aelaria33,0.0
25-29,Aelastirin39,0.0
25-29,Aelidru27,0.0
25-29,Aelin32,0.0
25-29,Aelly27,0.0
25-29,Aellynun67,3.74
25-29,Aellyria80,0.0
25-29,Aelollo59,0.0
25-29,Aenarap34,0.0
25-29,Aeral43,0.0
25-29,Aeral68,0.0
25-29,Aeral97,0.0
25-29,Aeralria27,0.0
25-29,Aeralstical35,0.0
25-29,Aeri84,0.0
25-29,Aerillorin70,0.0
25-29,Aerithllora36,8.64
25-29,Aerithnucal56,0.0
25-29,Aerithnuphos61,0.0
25-29,Aerithriaphos45,0.0
25-29,Aerithriaphos46,0.0
25-29,Aesri53,0.0
25-29,Aesty53,0.0
25-29,Aestysu37,5.38
25-29,Aesur96,0.0
25-29,Aesurstilis64,1.03
25-29,Aethedru70,0.0
25-29,Aidai53,0.0
25-29,Aidai61,0.0
25-29,Aidai73,0.0
25-29,Aidaillodeu39,0.0
25-29,Aidain51,0.0
25-29,Aidaira26,0.0
25-29,Aiduecal76,0.0
25-29,Aiduesu86,0.0
25-29,Aillyriadru65,0.0
25-29,Aillyrin83,0.0
25-29,Aina42,9.219999999999999
25-29,Aina43,0.0
25-29,Airi27,0.0
25-29,Aisur51,1.14
25-29,Aisurdru79,3.51
25-29,Aisurria69,0.0
25-29,Aithelis62,0.0
25-29,Alaephos75,0.0
25-29,Alaesu77,0.0
25-29,Alaesu91,3.45
25-29,Alarap40,0.0
25-29,Ali84,4.31
25-29,Alim85,2.5
25-29,Alo38,0.0
25-29,Anallorgue57,0.0
25-29,Ardcil81,0.0
25-29,Ardonmol96,0.0
25-29,Arin32,9.09
25-29,Arirgue63,1.7
25-29,Assassa81,3.39
25-29,Assassasta79,0.0
25-29,Assastnya25,0.0
25-29,Assehoan67,1.75
25-29,Assesi91,0.0
25-29,Assilsan72,0.0
25-29,Assim27,0.0
25-29,Assirra56,0.0
25-29,Assistasda42,0.0
25-29,Assistasda90,4.35
25-29,Assjaskan56,2.96
25-29,Assjaskan73,0.0
25-29,Assosia88,0.0
25-29,Assylla81,0.0
25-29,Asty82,3.09
25-29,Asur53,7.4399999999999995
25-29,Asur96,0.0
25-29,Baelollodeu94,0.0
25-29,Bartassaya73,6.12
25-29,Caesrinusuir82,0.0
25-29,Ceoral34,0.0
25-29,Chadadarla74,0.0
25-29,Chadilsasta32,0.0
25-29,Chadirra90,0.0
25-29,Chadista79,0.0
25-29,Chadistaya75,0.0
25-29,Chadjask77,0.0
25-29,Chadjask85,0.0
25-29,Chadolyla44,0.0
25-29,Chadossa56,0.0
25-29,Chadossa89,0.0
25-29,Chamadar79,0.0
25-29,Chamadarnya73,3.07
25-29,Chamadarsda63,0.0
25-29,Chamalo71,0.0
25-29,Chamassasya86,0.0
25-29,Chamast86,0.0
25-29,Chamastya76,0.0
25-29,Chamilsala65,0.0
25-29,Chamiman85,0.0
25-29,Chamimla73,0.0
25-29,Chamimla85,0.0
25-29,Chamirra53,0.0
25-29,Chamirrasya33,0.0
25-29,Chamirraya83,2.22
25-29,Chamistast30,0.0
25-29,Chamjask73,0.0
25-29,Chamjaskya75,0.0
25-29,Chamossa77,0.0
25-29,Chanadar44,3.19
25-29,Chanastnya43,0.0
25-29,Chanastsda67,0.0
25-29,Chanastst38,0.0
25-29,Chanastya70,0.0
25-29,Chanilsasda38,0.0
25-29,Chanilsast61,0.0
25-29,Chanirra64,1.54
25-29,Chanirra79,0.0
25-29,Chanirrala39,0.0
25-29,Chanirrasta87,0.0
25-29,Chanista95,0.0
25-29,Chanjask65,0.0
25-29,Chanjaskan89,0.0
25-29,Chanosia34,0.0
25-29,Chanosia60,0.0
25-29,Chanosian48,0.0
25-29,Chanosiaya39,0.0
25-29,Chanossanya44,0.0
25-29,Chanossast57,0.0
25-29,Chanuchi25,0.0
25-29,Cosadar58,0.0
25-29,Dyally87,0.0
25-29,Ealiril69,0.0
25-29,Ealrion88,0.0
25-29,Ennalmol65,0.0
25-29,Ennoncil86,0.0
25-29,Ennrian78,0.0
25-29,Eodailis27,0.0
25-29,Eodairu79,0.0
25-29,Eodaisu60,0.0
25-29,Eolan54,0.0
25-29,Eoral49,0.0
25-29,Eoralrap26,0.0
25-29,Eosrirgue62,0.0
25-29,Eosurdru76,0.0
25-29,Eratiel90,0.0
25-29,Ermol76,0.0
25-29,Errian63,3.49
25-29,Eryon48,0.0
25-29,Ethralista69,0.0
25-29,Ethrasyon38,2.04
25-29,Ethriel85,0.0
25-29,Ethron58,0.0
25-29,Eudanu32,0.0
25-29,Eudanu84,0.0
25-29,Eulae84,3.87
25-29,Eulaestira36,0.0
25-29,Eulanurin88,1.79
25-29,Eulasuir89,0.0
25-29,Eulolis41,0.0
25-29,Eurisuru25,0.0
25-29,Eurithphos97,0.0
25-29,Eusri26,3.27
25-29,Eusri44,0.0
25-29,Eusri70,0.0
25-29,Eustyria89,0.0
25-29,Eusur90,0.0
25-29,Eusurdeu49,0.0
25-29,Euthe35,0.0
25-29,Eyircil84,0.0
25-29,Eyista89,0.0
25-29,Eyrian71,0.0
25-29,Farrian71,0.0
25-29,Farusrian86,0.0
25-29,Filrion59,4.64
25-29,Filrion83,0.0
25-29,Filurarn35,0.0
25-29,Firan91,0.0
25-29,Firatan58,0.0
25-29,Firon67,0.0
25-29,Fironon91,0.0
25-29,Frichadar89,0.0
25-29,Frichadaran88,5.890000000000001
25-29,Frichast28,0.0
25-29,Frichaststa61,0.0
25-29,Frichaya88,0.0
25-29,Frichilsa31,0.0
25-29,Frichim77,0.0
25-29,Frichirranya75,0.0
25-29,Frichjask31,0.0
25-29,Frichjaskan98,1.02
25-29,Frichocesta66,0.0
25-29,Frichosia58,0.0
25-29,Frichosiala98,0.0
25-29,Frichossala54,0.0
25-29,Frichynde86,0.0
25-29,Hada39,0.0
25-29,Haedairiadru51,0.0
25-29,Haeladil46,0.0
25-29,Haellysu29,0.0
25-29,Haerith37,0.0
25-29,Haerithp41,0.0
25-29,Haestyphos66,0.0
25-29,Hailaphos89,0.0
25-29,Haillyrgue51,0.0
25-29,Haisrisuir60,0.0
25-29,Haisurra41,0.0
25-29,Hala31,0.0
25-29,Halaecal66,0.0
25-29,Hallysucal81,1.66
25-29,Hari50,0.0
25-29,Hariphos58,0.0
25-29,Heollyra92,0.0
25-29,Heollyriap59,0.0
25-29,Heosurnuru52,0.0
25-29,Heudai45,0.0
25-29,Heuli25,0.0
25-29,Heunadil74,0.0
25-29,Hiaral50,0.0
25-29,Hiarideu73,0.0
25-29,Hiasri33,0.0
25-29,Hiasurria41,0.0
25-29,Hilaerin92,0.0
25-29,Hiral75,0.0
25-29,Hirirap39,0.0
25-29,Hisridru55,0.0
25-29,Hyaduesu61,0.0
25-29,Iadueria43,0.0
25-29,Ialallo29,0.0
25-29,Ialidru40,0.0
25-29,Iana95,0.0
25-29,Iarallo65,1.75
25-29,Iaralrgue74,0.0
25-29,Iaralsuir44,0.0
25-29,Iarilis73,0.0
25-29,Iasrira89,0.0
25-29,Iasur80,0.0
25-29,Iasurriacal29,0.0
25-29,Iasursti71,0.0
25-29,Iathem87,0.0
25-29,Iathenudil29,0.0
25-29,Idacal95,0.0
25-29,Idai61,0.0
25-29,Idaidil28,0.0
25-29,Idairin51,0.0
25-29,Idaisuir85,0.0
25-29,Idastidru52,0.0
25-29,Iduelis31,0.0
25-29,Iduenu77,0.0
25-29,Ilaesudil92,4.35
25-29,Ilarin91,0.0
25-29,Ilassa51,0.0
25-29,Ilassast39,0.0
25-29,Ilast79,0.0
25-29,Ilastilis78,0.0
25-29,Ili43,0.0
25-29,Ililsan66,0.0
25-29,Ililsasya43,0.0
25-29,Ilimya66,0.0
25-29,Ilirrasda54,0.0
25-29,Ilista82,0.0
25-29,Iljask75,0.0
25-29,Ilmol66,0.0
25-29,Ilosia37,0.0
25-29,Ilosian36,0.0
25-29,Ilosianya35,0.0
25-29,Ilunyon70,0.0
25-29,Ina92,0.0
25-29,Inasti31,0.0
25-29,Inasuir29,0.0
25-29,Indcil77,0.0
25-29,Indirrian56,0.0
25-29,Indonmol95,0.0
25-29,Ingatcil75,0.0
25-29,Inguron55,0.0
25-29,Iral74,0.0
25-29,Iri67,0.0
25-29,Irilis75,0.0
25-29,Irillo49,0.0
25-29,Irith83,0.0
25-29,Irithlis29,0.0
25-29,Iskadarya95,0.0
25-29,Iskichinya81,0.0
25-29,Iskim66,0.0
25-29,Iskim96,0.0
25-29,Iskirra45,0.0
25-29,Iskjaskst81,0.0
25-29,Iskosia90,0.0
25-29,Iskosian40,0.0
25-29,Iskossasda43,0.0
25-29,Isri34,0.0
25-29,Isty55,0.0
25-29,Isurria36,0.0
25-29,Isursti83,0.0
25-29,Isursuir31,0.0
25-29,Ithergue48,0.0
25-29,Itheria73,0.0
25-29,Jeyciman68,0.0
25-29,Jiskadarst60,0.0
25-29,Jiskassa76,0.0
25-29,Jiskimsda56,1.14
25-29,Jiskimya77,0.0
25-29,Jiskirran77,0.0
25-29,Jiskjask60,0.0
25-29,Jiskjask80,0.0
25-29,Jiskjask85,0.0
25-29,Jiskossa61,0.0
25-29,Laedallo55,0.0
25-29,Lalossa38,3.77
25-29,Lamil79,0.0
25-29,Lassadarsda57,6.49
25-29,Lassassasda30,0.0
25-29,Lassassast73,0.0
25-29,Lassilsala30,0.0
25-29,Lassimla92,8.17
25-29,Lassirrasda85,0.0
25-29,Lassjask63,0.0
25-29,Lassjaskan73,0.0
25-29,Layjask75,0.0
25-29,Leetirraya83,0.0
25-29,Leyirra83,0.0
25-29,Liawista80,2.27
25-29,Lirtassa52,0.0
25-29,Lirtassan78,0.0
25-29,Lirtastan49,2.48
25-29,Lirtastsda29,0.0
25-29,Lirtastsya71,0.0
25-29,Lirtilsa71,0.0
25-29,Lirtilsa72,0.0
25-29,Lirtim36,0.0
25-29,Lirtimst73,0.0
25-29,Lirtirra37,3.14
25-29,Lirtirra81,0.0
25-29,Lirtistanya48,0.0
25-29,Lirtosia63,0.0
25-29,Lirtossa60,0.0
25-29,Lirtossa84,0.0
25-29,Lisadar44,1.98
25-29,Lisasi93,0.0
25-29,Lisassa64,0.0
25-29,Lisassala98,0.0
25-29,Lisassasda39,0.0
25-29,Lisassasta50,1.94
25-29,Lisast87,0.0
25-29,Lisast98,0.0
25-29,Lisico81,0.0
25-29,Lisilsa62,4.88
25-29,Lisim51,0.0
25-29,Lisim78,0.0
25-29,Lisiriya82,0.0
25-29,Lisirra25,0.0
25-29,Lisirra58,0.0
25-29,Lisirra87,4.23
25-29,Lisista27,0.0
25-29,Lisista54,0.0
25-29,Lisista63,0.0
25-29,Lisjaskan36,0.0
25-29,Lisjaskya84,2.89
25-29,Lisopela58,0.0
25-29,Lisosia66,0.0
25-29,Lisosia93,18.96
25-29,Lisossa25,0.0
25-29,Lisossa46,2.5
25-29,Lisossala30,0.0
25-29,Lisossanya98,0.0
25-29,Lisotesta51,0.0
25-29,Lisovynya38,0.0
25-29,Malarrian73,0.0
25-29,Malil90,0.0
25-29,Malon70,0.0
25-29,Maluncil97,5.28
25-29,Malunil62,0.0
25-29,Maradaran90,0.0
25-29,Maradarnya40,0.0
25-29,Marassa62,0.0
25-29,Marast30,0.0
25-29,Maridisya31,3.08
25-29,Marilsa69,5.25
25-29,Marilsanya48,3.03
25-29,Marilsasya33,0.0
25-29,Marim28,4.33
25-29,Marirrasta50,0.0
25-29,Marjask87,0.0
25-29,Marokian45,0.0
25-29,Maropast28,0.0
25-29,Marughi89,0.0
25-29,Marundi65,0.0
25-29,Marynde90,0.0
25-29,Meosridil82,0.0
25-29,Mindadaran26,0.0
25-29,Mindesi74,0.0
25-29,Mindetosya30,0.0
25-29,Mindilsa34,0.0
25-29,Mindilsa60,0.0
25-29,Mindimnya67,0.0
25-29,Mindirranya33,0.0
25-29,Mindista32,0.0
25-29,Mindjasksya61,0.0
25-29,Mindossa76,0.0
25-29,Minduli80,1.44
25-29,Minduri31,0.0
25-29,Nitherian58,3.6899999999999995
25-29,Palatyon26,0.0
25-29,Palyon91,0.0
25-29,Peorith44,0.0
25-29,Phaedasurap84,0.0
25-29,Phaedue89,0.0
25-29,Phaelap26,6.640000000000001
25-29,Phaena87,0.0
25-29,Phaestycal84,0.0
25-29,Pheodai94,1.56
25-29,Pheodaisun84,0.0
25-29,Pheosrinudeu70,0.0
25-29,Pheosurllorin41,0.0
25-29,Pheulidil31,0.0
25-29,Pheusrical25,0.0
25-29,Pheutherin27,0.0
25-29,Phiallylis33,0.0
25-29,Phiarithdeu40,0.0
25-29,Philodil43,0.0
25-29,Phiristi62,1.79
25-29,Phistym51,0.0
25-29,Phistyn52,0.0
25-29,Phyali88,0.0
25-29,Poshilsa82,0.0
25-29,Qarirwen82,0.0
25-29,Qilalista41,0.0
25-29,Qilanrion65,0.0
25-29,Qilatista90,0.0
25-29,Qilunan34,0.0
25-29,Quaecjask96,0.0
25-29,Quanenrian83,0.0
25-29,Quanrion96,0.0
25-29,Quanunwen42,0.0
25-29,Quaranmol58,0.0
25-29,Quarrion42,0.0
25-29,Quilassa66,0.0
25-29,Quinarap53,0.0
25-29,Raesty92,0.0
25-29,Raillydeu47,0.0
25-29,Rairin89,0.0
25-29,Rairith81,0.0
25-29,Raisty38,0.0
25-29,Rarallo90,0.0
25-29,Rastynusuir31,0.0
25-29,Raysistast71,0.0
25-29,Reulae52,0.0
25-29,Reunasu60,0.0
25-29,Rianistast50,0.0
25-29,Rilaera56,0.0
25-29,Ririp86,4.94
25-29,Risty84,4.6
25-29,Ristydru66,1.87
25-29,Rithe53,0.0
25-29,Ryanara76,3.47
25-29,Saedaiphos46,0.0
25-29,Saelaephos52,0.0
25-29,Saena74,0.0
25-29,Saena89,0.0
25-29,Saerallora71,0.0
25-29,Saesrideu94,0.0
25-29,Saida58,0.0
25-29,Saisrilis27,0.0
25-29,Saistyphos30,0.0
25-29,Salilis27,0.0
25-29,Sally64,1.33
25-29,Sastydeu50,0.0
25-29,Sausosia74,0.0
25-29,Seolollo93,0.0
25-29,Seosrim97,0.0
25-29,Seudaillorap38,6.71
25-29,Seuthep89,0.0
25-29,Shaidanu32,0.0
25-29,Shidai42,1.33
25-29,Siala43,0.0
25-29,Siallylis44,0.0
25-29,Siana77,0.0
25-29,Siarithria38,0.0
25-29,Sida61,0.0
25-29,Sidap51,0.0
25-29,Silaera56,0.0
25-29,Siralsudeu54,0.0
25-29,Sisur91,0.0
25-29,Smaistysu35,0.0
25-29,Sondadar26,0.0
25-29,Sondadarya58,0.0
25-29,Sondassan80,2.6
25-29,Sondassasya91,0.0
25-29,Sondastsda82,0.0
25-29,Sondilsaya62,0.0
25-29,Sondim68,0.0
25-29,Sondim73,0.0
25-29,Sondimla25,0.0
25-29,Sondistanya61,0.0
25-29,Sondossa69,0.0
25-29,Strithenu87,0.0
25-29,Styaduen40,0.0
25-29,Sundadar27,0.0
25-29,Sundadarla27,0.0
25-29,Sundassa93,0.0
25-29,Sundim98,0.0
25-29,Sundirrala66,0.0
25-29,Sundista37,1.77
25-29,Sundjask71,0.0
25-29,Syally44,0.0
25-29,Syalollorap93,0.0
25-29,Syathe73,0.0
25-29,Syathecal44,0.0
25-29,Taeduenu92,0.0
25-29,Thourdirra92,0.0
25-29,Thrientossa55,0.0
25-29,Thryallym62,0.0
25-29,Tyaedainu44,3.54
25-29,Tyaelaelis94,0.0
25-29,Tyaelistidru84,0.0
25-29,Tyaelly53,0.0
25-29,Tyaelo67,0.0
25-29,Tyaelorap29,7.71
25-29,Tyaenasti87,0.0
25-29,Tyaerith73,0.0
25-29,Tyalaesu89,2.96
25-29,Tyananurgue44,0.0
25-29,Tyarithn67,1.14
25-29,Tyeoralru41,0.0
25-29,Tyeosri53,0.0
25-29,Tyeudariasuir90,0.0
25-29,Tyeuduen32,0.0
25-29,Tyeurith29,0.0
25-29,Tyialisti80,0.0
25-29,Tyialisudeu65,0.0
25-29,Tyida79,0.0
25-29,Tyidaim51,0.0
25-29,Tyidainu31,0.0
25-29,Tyirinu79,0.0
25-29,Tyisur83,0.0
25-29,Umolrian85,0.0
25-29,Undare39,0.0
25-29,Undassa89,1.76
25-29,Undilsan50,0.0
25-29,Undimsya85,0.0
25-29,Undirra73,0.0
25-29,Undirrala66,0.0
25-29,Undirrasta89,0.0
25-29,Undista85,0.0
25-29,Undjask33,0.0
25-29,Undjaskla97,0.0
25-29,Undosia27,0.0
25-29,Undosian34,0.0
25-29,Undotesta33,0.0
25-29,Wailin72,0.0
25-29,Yadacal26,0.0
25-29,Yadaisuir65,0.0
25-29,Yadam35,2.48
25-29,Yadanu52,0.0
25-29,Yadaphos40,0.0
25-29,Yalae81,0.0
25-29,Yalaeria91,0.0
25-29,Yaliru88,0.0
25-29,Yalo85,0.0
25-29,Yalostiphos68,4.4
25-29,Yana46,0.0
25-29,Yarithllodeu72,0.0
25-29,Yarithrgue83,0.0
25-29,Yarithrin84,0.0
25-29,Yarithsurgue62,4.94
25-29,Yarolwen77,0.0
25-29,Yasrisu92,3.44
25-29,Yastyriaphos75,0.0
25-29,Yasur35,4.48
25-29,Yasur85,0.0
25-29,Yathecal72,0.0
25-29,Yathecal82,0.0
25-29,Yathedeu43,0.0
25-29,Yoishirrala98,0.0
25-29,Zhisrisu83,0.0
25-29,Zontibe81,0.0
30-34,Adairialis76,0.0
30-34,Adastirin33,0.0
30-34,Aeda94,0.0
30-34,Aela59,0.0
30-34,Aelaria33,0.0
30-34,Aelastirin39,0.0
30-34,Aelidru27,0.0
30-34,Aelin32,0.0
30-34,Aelly27,0.0
30-34,Aellynun67,0.0
30-34,Aellyria80,0.0
30-34,Aelollo59,5.630000000000001
30-34,Aenarap34,0.0
30-34,Aeral43,0.0
30-34,Aeral68,0.0
30-34,Aeral97,0.0
30-34,Aeralria27,0.0
30-34,Aeralstical35,0.0
30-34,Aeri84,0.0
30-34,Aerillorin70,0.0
30-34,Aerithllora36,0.0
30-34,Aerithnucal56,0.0
30-34,Aerithnuphos61,0.0
30-34,Aerithriaphos45,0.0
30-34,Aerithriaphos46,0.0
30-34,Aesri53,1.76
30-34,Aesty53,0.0
30-34,Aestysu37,0.0
30-34,Aesur96,0.0
30-34,Aesurstilis64,0.0
30-34,Aethedru70,0.0
30-34,Aidai53,0.0
30-34,Aidai61,0.0
30-34,Aidai73,0.0
30-34,Aidaillodeu39,0.0
30-34,Aidain51,0.0
30-34,Aidaira26,4.23
30-34,Aiduecal76,0.0
30-34,Aiduesu86,0.0
30-34,Aillyriadru65,0.0
30-34,Aillyrin83,0.0
30-34,Aina42,0.0
30-34,Aina43,0.0
30-34,Airi27,0.0
30-34,Aisur51,0.0
30-34,Aisurdru79,0.0
30-34,Aisurria69,0.0
30-34,Aithelis62,0.0
30-34,Alaephos75,0.0
30-34,Alaesu77,2.49
30-34,Alaesu91,0.0
30-34,Alarap40,0.0
30-34,Ali84,0.0
30-34,Alim85,0.0
30-34,Alo38,0.0
30-34,Anallorgue57,0.0
30-34,Ardcil81,5.58
30-34,Ardonmol96,0.0
30-34,Arin32,0.0
30-34,Arirgue63,0.0
30-34,Assassa81,0.0
30-34,Assassasta79,0.0
30-34,Assastnya25,0.0
30-34,Assehoan67,0.0
30-34,Assesi91,0.0
30-34,Assilsan72,0.0
30-34,Assim27,0.0
30-34,Assirra56,0.0
30-34,Assistasda42,0.0
30-34,Assistasda90,0.0
30-34,Assjaskan56,0.0
30-34,Assjaskan73,0.0
30-34,Assosia88,0.0
30-34,Assylla81,0.0
30-34,Asty82,0.0
30-34,Asur53,0.0
30-34,Asur96,0.0
30-34,Baelollodeu94,0.0
30-34,Bartassaya73,0.0
30-34,Caesrinusuir82,5.18
30-34,Ceoral34,0.0
30-34,Chadadarla74,6.03
30-34,Chadilsasta32,0.0
30-34,Chadirra90,0.0
30-34,Chadista79,8.35
30-34,Chadistaya75,0.0
30-34,Chadjask77,0.0
30-34,Chadjask85,0.0
30-34,Chadolyla44,0.0
30-34,Chadossa56,0.0
30-34,Chadossa89,0.0
30-34,Chamadar79,0.0
30-34,Chamadarnya73,0.0
30-34,Chamadarsda63,0.0
30-34,Chamalo71,4.64
30-34,Chamassasya86,0.0
30-34,Chamast86,2.05
30-34,Chamastya76,2.05
30-34,Chamilsala65,0.0
30-34,Chamiman85,0.0
30-34,Chamimla73,0.0
30-34,Chamimla85,0.0
30-34,Chamirra53,0.0
30-34,Chamirrasya33,0.0
30-34,Chamirraya83,0.0
30-34,Chamistast30,3.58
30-34,Chamjask73,0.0
30-34,Chamjaskya75,0.0
30-34,Chamossa77,0.0
30-34,Chanadar44,0.0
30-34,Chanastnya43,0.0
30-34,Chanastsda67,0.0
30-34,Chanastst38,0.0
30-34,Chanastya70,0.0
30-34,Chanilsasda38,0.0
30-34,Chanilsast61,2.08
30-34,Chanirra64,0.0
30-34,Chanirra79,0.0
30-34,Chanirrala39,0.0
30-34,Chanirrasta87,0.0
30-34,Chanista95,0.0
30-34,Chanjask65,0.0
30-34,Chanjaskan89,0.0
30-34,Chanosia34,0.0
30-34,Chanosia60,5.42
30-34,Chanosian48,0.0
30-34,Chanosiaya39,0.0
30-34,Chanossanya44,0.0
30-34,Chanossast57,0.0
30-34,Chanuchi25,0.0
30-34,Cosadar58,0.0
30-34,Dyally87,0.0
30-34,Ealiril69,0.0
30-34,Ealrion88,4.48
30-34,Ennalmol65,0.0
30-34,Ennoncil86,0.0
30-34,Ennrian78,0.0
30-34,Eodailis27,5.76
30-34,Eodairu79,3.4
30-34,Eodaisu60,0.0
30-34,Eolan54,1.54
30-34,Eoral49,0.0
30-34,Eoralrap26,0.0
30-34,Eosrirgue62,0.0
30-34,Eosurdru76,0.0
30-34,Eratiel90,0.0
30-34,Ermol76,0.0
30-34,Errian63,0.0
30-34,Eryon48,0.0
30-34,Ethralista69,0.0
30-34,Ethrasyon38,0.0
30-34,Ethriel85,3.1
30-34,Ethron58,0.0
30-34,Eudanu32,0.0
30-34,Eudanu84,0.0
30-34,Eulae84,0.0
30-34,Eulaestira36,0.0
30-34,Eulanurin88,0.0
30-34,Eulasuir89,0.0
30-34,Eulolis41,0.0
30-34,Eurisuru25,0.0
30-34,Eurithphos97,0.0
30-34,Eusri26,0.0
30-34,Eusri44,0.0
30-34,Eusri70,0.0
30-34,Eustyria89,0.0
30-34,Eusur90,0.0
30-34,Eusurdeu49,0.0
30-34,Euthe35,0.0
30-34,Eyircil84,0.0
30-34,Eyista89,1.29
30-34,Eyrian71,0.0
30-34,Farrian71,0.0
30-34,Farusrian86,0.0
30-34,Filrion59,0.0
30-34,Filrion83,0.0
30-34,Filurarn35,0.0
30-34,Firan91,0.0
30-34,Firatan58,0.0
30-34,Firon67,0.0
30-34,Fironon91,4.08
30-34,Frichadar89,0.0
30-34,Frichadaran88,0.0
30-34,Frichast28,0.0
30-34,Frichaststa61,0.0
30-34,Frichaya88,0.0
30-34,Frichilsa31,0.0
30-34,Frichim77,0.0
30-34,Frichirranya75,0.0
30-34,Frichjask31,0.0
30-34,Frichjaskan98,0.0
30-34,Frichocesta66,0.0
30-34,Frichosia58,0.0
30-34,Frichosiala98,0.0
30-34,Frichossala54,0.0
30-34,Frichynde86,0.0
30-34,Hada39,0.0
30-34,Haedairiadru51,0.0
30-34,Haeladil46,0.0
30-34,Haellysu29,0.0
30-34,Haerith37,0.0
30-34,Haerithp41,0.0
30-34,Haestyphos66,0.0
30-34,Hailaphos89,0.0
30-34,Haillyrgue51,0.0
30-34,Haisrisuir60,0.0
30-34,Haisurra41,0.0
30-34,Hala31,0.0
30-34,Halaecal66,0.0
30-34,Hallysucal81,0.0
30-34,Hari50,0.0
30-34,Hariphos58,0.0
30-34,Heollyra92,0.0
30-34,Heollyriap59,0.0
30-34,Heosurnuru52,0.0
30-34,Heudai45,0.0
30-34,Heuli25,0.0
30-34,Heunadil74,0.0
30-34,Hiaral50,0.0
30-34,Hiarideu73,0.0
30-34,Hiasri33,0.0
30-34,Hiasurria41,0.0
30-34,Hilaerin92,0.0
30-34,Hiral75,0.0
30-34,Hirirap39,0.0
30-34,Hisridru55,0.0
30-34,Hyaduesu61,0.0
30-34,Iadueria43,0.0
30-34,Ialallo29,0.0
30-34,Ialidru40,0.0
30-34,Iana95,0.0
30-34,Iarallo65,0.0
30-34,Iaralrgue74,3.23
30-34,Iaralsuir44,0.0
30-34,Iarilis73,0.0
30-34,Iasrira89,0.0
30-34,Iasur80,0.0
30-34,Iasurriacal29,0.0
30-34,Iasursti71,0.0
30-34,Iathem87,0.0
30-34,Iathenudil29,0.0
30-34,Idacal95,2.07
30-34,Idai61,0.0
30-34,Idaidil28,0.0
30-34,Idairin51,0.0
30-34,Idaisuir85,3.15
30-34,Idastidru52,0.0
30-34,Iduelis31,0.0
30-34,Iduenu77,0.0
30-34,Ilaesudil92,0.0
30-34,Ilarin91,0.0
30-34,Ilassa51,0.0
30-34,Ilassast39,0.0
30-34,Ilast79,0.0
30-34,Ilastilis78,0.0
30-34,Ili43,0.0
30-34,Ililsan66,0.0
30-34,Ililsasya43,0.0
30-34,Ilimya66,4.23
30-34,Ilirrasda54,0.0
30-34,Ilista82,0.0
30-34,Iljask75,0.0
30-34,Ilmol66,0.0
30-34,Ilosia37,0.0
30-34,Ilosian36,0.0
30-34,Ilosianya35,2.84
30-34,Ilunyon70,0.0
30-34,Ina92,4.58
30-34,Inasti31,0.0
30-34,Inasuir29,0.0
30-34,Indcil77,0.0
30-34,Indirrian56,0.0
30-34,Indonmol95,0.0
30-34,Ingatcil75,0.0
30-34,Inguron55,0.0
30-34,Iral74,0.0
30-34,Iri67,0.0
30-34,Irilis75,0.0
30-34,Irillo49,0.0
30-34,Irith83,0.0
30-34,Irithlis29,0.0
30-34,Iskadarya95,0.0
30-34,Iskichinya81,0.0
30-34,Iskim66,0.0
30-34,Iskim96,0.0
30-34,Iskirra45,0.0
30-34,Iskjaskst81,0.0
30-34,Iskosia90,0.0
30-34,Iskosian40,0.0
30-34,Iskossasda43,0.0
30-34,Isri34,0.0
30-34,Isty55,0.0
30-34,Isurria36,0.0
30-34,Isursti83,0.0
30-34,Isursuir31,0.0
30-34,Ithergue48,0.0
30-34,Itheria73,0.0
30-34,Jeyciman68,0.0
30-34,Jiskadarst60,0.0
30-34,Jiskassa76,0.0
30-34,Jiskimsda56,0.0
30-34,Jiskimya77,0.0
30-34,Jiskirran77,0.0
30-34,Jiskjask60,0.0
30-34,Jiskjask80,0.0
30-34,Jiskjask85,0.0
30-34,Jiskossa61,0.0
30-34,Laedallo55,4.9
30-34,Lalossa38,0.0
30-34,Lamil79,0.0
30-34,Lassadarsda57,0.0
30-34,Lassassasda30,0.0
30-34,Lassassast73,0.0
30-34,Lassilsala30,0.0
30-34,Lassimla92,0.0
30-34,Lassirrasda85,0.0
30-34,Lassjask63,1.94
30-34,Lassjaskan73,0.0
30-34,Layjask75,0.0
30-34,Leetirraya83,0.0
30-34,Leyirra83,0.0
30-34,Liawista80,0.0
30-34,Lirtassa52,0.0
30-34,Lirtassan78,0.0
30-34,Lirtastan49,0.0
30-34,Lirtastsda29,0.0
30-34,Lirtastsya71,0.0
30-34,Lirtilsa71,0.0
30-34,Lirtilsa72,0.0
30-34,Lirtim36,0.0
30-34,Lirtimst73,0.0
30-34,Lirtirra37,0.0
30-34,Lirtirra81,0.0
30-34,Lirtistanya48,0.0
30-34,Lirtosia63,4.29
30-34,Lirtossa60,0.0
30-34,Lirtossa84,0.0
30-34,Lisadar44,0.0
30-34,Lisasi93,0.0
30-34,Lisassa64,0.0
30-34,Lisassala98,0.0
30-34,Lisassasda39,0.0
30-34,Lisassasta50,0.0
30-34,Lisast87,0.0
30-34,Lisast98,0.0
30-34,Lisico81,0.0
30-34,Lisilsa62,0.0
30-34,Lisim51,0.0
30-34,Lisim78,0.0
30-34,Lisiriya82,2.27
30-34,Lisirra25,0.0
30-34,Lisirra58,0.0
30-34,Lisirra87,0.0
30-34,Lisista27,0.0
30-34,Lisista54,0.0
30-34,Lisista63,0.0
30-34,Lisjaskan36,0.0
30-34,Lisjaskya84,0.0
30-34,Lisopela58,0.0
30-34,Lisosia66,0.0
30-34,Lisosia93,0.0
30-34,Lisossa25,0.0
30-34,Lisossa46,0.0
30-34,Lisossala30,0.0
30-34,Lisossanya98,0.0
30-34,Lisotesta51,0.0
30-34,Lisovynya38,0.0
30-34,Malarrian73,0.0
30-34,Malil90,0.0
30-34,Malon70,0.0
30-34,Maluncil97,0.0
30-34,Malunil62,0.0
30-34,Maradaran90,0.0
30-34,Maradarnya40,0.0
30-34,Marassa62,0.0
30-34,Marast30,0.0
30-34,Maridisya31,0.0
30-34,Marilsa69,0.0
30-34,Marilsanya48,0.0
30-34,Marilsasya33,0.0
30-34,Marim28,0.0
30-34,Marirrasta50,0.0
30-34,Marjask87,0.0
30-34,Marokian45,0.0
30-34,Maropast28,0.0
30-34,Marughi89,0.0
30-34,Marundi65,0.0
30-34,Marynde90,5.3100000000000005
30-34,Meosridil82,0.0
30-34,Mindadaran26,0.0
30-34,Mindesi74,0.0
30-34,Mindetosya30,0.0
30-34,Mindilsa34,0.0
30-34,Mindilsa60,0.0
30-34,Mindimnya67,0.0
30-34,Mindirranya33,0.0
30-34,Mindista32,0.0
30-34,Mindjasksya61,0.0
30-34,Mindossa76,0.0
30-34,Minduli80,0.0
30-34,Minduri31,0.0
30-34,Nitherian58,0.0
30-34,Palatyon26,0.0
30-34,Palyon91,0.0
30-34,Peorith44,0.0
30-34,Phaedasurap84,0.0
30-34,Phaedue89,0.0
30-34,Phaelap26,0.0
30-34,Phaena87,0.0
30-34,Phaestycal84,0.0
30-34,Pheodai94,0.0
30-34,Pheodaisun84,8.31
30-34,Pheosrinudeu70,0.0
30-34,Pheosurllorin41,0.0
30-34,Pheulidil31,0.0
30-34,Pheusrical25,0.0
30-34,Pheutherin27,0.0
30-34,Phiallylis33,0.0
30-34,Phiarithdeu40,0.0
30-34,Philodil43,1.29
30-34,Phiristi62,0.0
30-34,Phistym51,0.0
30-34,Phistyn52,0.0
30-34,Phyali88,0.0
30-34,Poshilsa82,0.0
30-34,Qarirwen82,1.54
30-34,Qilalista41,0.0
30-34,Qilanrion65,0.0
30-34,Qilatista90,0.0
30-34,Qilunan34,0.0
30-34,Quaecjask96,0.0
30-34,Quanenrian83,0.0
30-34,Quanrion96,0.0
30-34,Quanunwen42,0.0
30-34,Quaranmol58,0.0
30-34,Quarrion42,0.0
30-34,Quilassa66,0.0
30-34,Quinarap53,0.0
30-34,Raesty92,0.0
30-34,Raillydeu47,0.0
30-34,Rairin89,0.0
30-34,Rairith81,0.0
30-34,Raisty38,0.0
30-34,Rarallo90,9.049999999999999
30-34,Rastynusuir31,0.0
30-34,Raysistast71,0.0
30-34,Reulae52,0.0
30-34,Reunasu60,0.0
30-34,Rianistast50,0.0
30-34,Rilaera56,0.0
30-34,Ririp86,0.0
30-34,Risty84,0.0
30-34,Ristydru66,0.0
30-34,Rithe53,0.0
30-34,Ryanara76,0.0
30-34,Saedaiphos46,0.0
30-34,Saelaephos52,0.0
30-34,Saena74,0.0
30-34,Saena89,0.0
30-34,Saerallora71,0.0
30-34,Saesrideu94,0.0
30-34,Saida58,0.0
30-34,Saisrilis27,0.0
30-34,Saistyphos30,0.0
30-34,Salilis27,0.0
30-34,Sally64,0.0
30-34,Sastydeu50,0.0
30-34,Sausosia74,0.0
30-34,Seolollo93,3.41
30-34,Seosrim97,0.0
30-34,Seudaillorap38,0.0
30-34,Seuthep89,0.0
30-34,Shaidanu32,0.0
30-34,Shidai42,0.0
30-34,Siala43,7.26
30-34,Siallylis44,0.0
30-34,Siana77,0.0
30-34,Siarithria38,0.0
30-34,Sida61,0.0
30-34,Sidap51,0.0
30-34,Silaera56,0.0
30-34,Siralsudeu54,0.0
30-34,Sisur91,0.0
30-34,Smaistysu35,6.6899999999999995
30-34,Sondadar26,0.0
30-34,Sondadarya58,0.0
30-34,Sondassan80,0.0
30-34,Sondassasya91,0.0
30-34,Sondastsda82,0.0
30-34,Sondilsaya62,0.0
30-34,Sondim68,0.0
30-34,Sondim73,0.0
30-34,Sondimla25,0.0
30-34,Sondistanya61,0.0
30-34,Sondossa69,0.0
30-34,Strithenu87,0.0
30-34,Styaduen40,0.0
30-34,Sundadar27,8.709999999999999
30-34,Sundadarla27,0.0
30-34,Sundassa93,0.0
30-34,Sundim98,0.0
30-34,Sundirrala66,0.0
30-34,Sundista37,0.0
30-34,Sundjask71,4.0
30-34,Syally44,0.0
30-34,Syalollorap93,0.0
30-34,Syathe73,1.4
30-34,Syathecal44,0.0
30-34,Taeduenu92,0.0
30-34,Thourdirra92,0.0
30-34,Thrientossa55,0.0
30-34,Thryallym62,0.0
30-34,Tyaedainu44,0.0
30-34,Tyaelaelis94,0.0
30-34,Tyaelistidru84,0.0
30-34,Tyaelly53,0.0
30-34,Tyaelo67,0.0
30-34,Tyaelorap29,0.0
30-34,Tyaenasti87,0.0
30-34,Tyaerith73,0.0
30-34,Tyalaesu89,0.0
30-34,Tyananurgue44,0.0
30-34,Tyarithn67,0.0
30-34,Tyeoralru41,0.0
30-34,Tyeosri53,0.0
30-34,Tyeudariasuir90,0.0
30-34,Tyeuduen32,0.0
30-34,Tyeurith29,0.0
30-34,Tyialisti80,0.0
30-34,Tyialisudeu65,0.0
30-34,Tyida79,0.0
30-34,Tyidaim51,0.0
30-34,Tyidainu31,0.0
30-34,Tyirinu79,0.0
30-34,Tyisur83,0.0
30-34,Umolrian85,8.13
30-34,Undare39,0.0
30-34,Undassa89,0.0
30-34,Undilsan50,0.0
30-34,Undimsya85,3.46
30-34,Undirra73,2.89
30-34,Undirrala66,0.0
30-34,Undirrasta89,0.0
30-34,Undista85,0.0
30-34,Undjask33,0.0
30-34,Undjaskla97,5.32
30-34,Undosia27,0.0
30-34,Undosian34,0.0
30-34,Undotesta33,0.0
30-34,Wailin72,0.0
30-34,Yadacal26,0.0
30-34,Yadaisuir65,0.0
30-34,Yadam35,0.0
30-34,Yadanu52,2.38
30-34,Yadaphos40,5.3500000000000005
30-34,Yalae81,0.0
30-34,Yalaeria91,1.06
30-34,Yaliru88,0.0
30-34,Yalo85,3.65
30-34,Yalostiphos68,0.0
30-34,Yana46,0.0
30-34,Yarithllodeu72,0.0
30-34,Yarithrgue83,0.0
30-34,Yarithrin84,4.14
30-34,Yarithsurgue62,0.0
30-34,Yarolwen77,4.43
30-34,Yasrisu92,0.0
30-34,Yastyriaphos75,0.0
30-34,Yasur35,0.0
30-34,Yasur85,0.0
30-34,Yathecal72,0.0
30-34,Yathecal82,0.0
30-34,Yathedeu43,0.0
30-34,Yoishirrala98,0.0
30-34,Zhisrisu83,0.0
30-34,Zontibe81,0.0
35-39,Adairialis76,0.0
35-39,Adastirin33,4.48
35-39,Aeda94,0.0
35-39,Aela59,0.0
35-39,Aelaria33,0.0
35-39,Aelastirin39,0.0
35-39,Aelidru27,0.0
35-39,Aelin32,0.0
35-39,Aelly27,0.0
35-39,Aellynun67,0.0
35-39,Aellyria80,0.0
35-39,Aelollo59,0.0
35-39,Aenarap34,0.0
35-39,Aeral43,0.0
35-39,Aeral68,0.0
35-39,Aeral97,0.0
35-39,Aeralria27,0.0
35-39,Aeralstical35,0.0
35-39,Aeri84,0.0
35-39,Aerillorin70,0.0
35-39,Aerithllora36,0.0
35-39,Aerithnucal56,0.0
35-39,Aerithnuphos61,4.91
35-39,Aerithriaphos45,0.0
35-39,Aerithriaphos46,0.0
35-39,Aesri53,0.0
35-39,Aesty53,0.0
35-39,Aestysu37,0.0
35-39,Aesur96,0.0
35-39,Aesurstilis64,0.0
35-39,Aethedru70,0.0
35-39,Aidai53,0.0
35-39,Aidai61,0.0
35-39,Aidai73,0.0
35-39,Aidaillodeu39,0.0
35-39,Aidain51,3.45
35-39,Aidaira26,0.0
35-39,Aiduecal76,0.0
35-39,Aiduesu86,0.0
35-39,Aillyriadru65,0.0
35-39,Aillyrin83,0.0
35-39,Aina42,0.0
35-39,Aina43,0.0
35-39,Airi27,0.0
35-39,Aisur51,0.0
35-39,Aisurdru79,0.0
35-39,Aisurria69,0.0
35-39,Aithelis62,0.0
35-39,Alaephos75,0.0
35-39,Alaesu77,0.0
35-39,Alaesu91,0.0
35-39,Alarap40,0.0
35-39,Ali84,0.0
35-39,Alim85,0.0
35-39,Alo38,0.0
35-39,Anallorgue57,0.0
35-39,Ardcil81,0.0
35-39,Ardonmol96,0.0
35-39,Arin32,0.0
35-39,Arirgue63,0.0
35-39,Assassa81,0.0
35-39,Assassasta79,6.63
35-39,Assastnya25,0.0
35-39,Assehoan67,0.0
35-39,Assesi91,0.0
35-39,Assilsan72,0.0
35-39,Assim27,0.0
35-39,Assirra56,0.0
35-39,Assistasda42,0.0
35-39,Assistasda90,0.0
35-39,Assjaskan56,0.0
35-39,Assjaskan73,0.0
35-39,Assosia88,0.0
35-39,Assylla81,0.0
35-39,Asty82,0.0
35-39,Asur53,0.0
35-39,Asur96,0.0
35-39,Baelollodeu94,0.0
35-39,Bartassaya73,0.0
35-39,Caesrinusuir82,0.0
35-39,Ceoral34,0.0
35-39,Chadadarla74,0.0
35-39,Chadilsasta32,0.0
35-39,Chadirra90,0.0
35-39,Chadista79,0.0
35-39,Chadistaya75,0.0
35-39,Chadjask77,0.0
35-39,Chadjask85,0.0
35-39,Chadolyla44,0.0
35-39,Chadossa56,0.0
35-39,Chadossa89,0.0
35-39,Chamadar79,0.0
35-39,Chamadarnya73,0.0
35-39,Chamadarsda63,0.0
35-39,Chamalo71,0.0
35-39,Chamassasya86,0.0
35-39,Chamast86,0.0
35-39,Chamastya76,0.0
35-39,Chamilsala65,0.0
35-39,Chamiman85,0.0
35-39,Chamimla73,0.0
35-39,Chamimla85,0.0
35-39,Chamirra53,0.0
35-39,Chamirrasya33,0.0
35-39,Chamirraya83,0.0
35-39,Chamistast30,0.0
35-39,Chamjask73,0.0
35-39,Chamjaskya75,0.0
35-39,Chamossa77,0.0
35-39,Chanadar44,0.0
35-39,Chanastnya43,0.0
35-39,Chanastsda67,0.0
35-39,Chanastst38,0.0
35-39,Chanastya70,0.0
35-39,Chanilsasda38,0.0
35-39,Chanilsast61,0.0
35-39,Chanirra64,0.0
35-39,Chanirra79,0.0
35-39,Chanirrala39,0.0
35-39,Chanirrasta87,0.0
35-39,Chanista95,3.16
35-39,Chanjask65,0.0
35-39,Chanjaskan89,0.0
35-39,Chanosia34,0.0
35-39,Chanosia60,0.0
35-39,Chanosian48,7.52
35-39,Chanosiaya39,0.0
35-39,Chanossanya44,0.0
35-39,Chanossast57,0.0
35-39,Chanuchi25,0.0
35-39,Cosadar58,4.35
35-39,Dyally87,0.0
35-39,Ealiril69,4.4
35-39,Ealrion88,0.0
35-39,Ennalmol65,0.0
35-39,Ennoncil86,0.0
35-39,Ennrian78,0.0
35-39,Eodailis27,0.0
35-39,Eodairu79,0.0
35-39,Eodaisu60,0.0
35-39,Eolan54,0.0
35-39,Eoral49,0.0
35-39,Eoralrap26,0.0
35-39,Eosrirgue62,0.0
35-39,Eosurdru76,0.0
35-39,Eratiel90,0.0
35-39,Ermol76,0.0
35-39,Errian63,0.0
35-39,Eryon48,0.0
35-39,Ethralista69,0.0
35-39,Ethrasyon38,0.0
35-39,Ethriel85,0.0
35-39,Ethron58,0.0
35-39,Eudanu32,0.0
35-39,Eudanu84,0.0
35-39,Eulae84,0.0
35-39,Eulaestira36,0.0
35-39,Eulanurin88,0.0
35-39,Eulasuir89,0.0
35-39,Eulolis41,0.0
35-39,Eurisuru25,0.0
35-39,Eurithphos97,0.0
35-39,Eusri26,0.0
35-39,Eusri44,0.0
35-39,Eusri70,0.0
35-39,Eustyria89,2.85
35-39,Eusur90,1.6
35-39,Eusurdeu49,0.0
35-39,Euthe35,0.0
35-39,Eyircil84,0.0
35-39,Eyista89,0.0
35-39,Eyrian71,0.0
35-39,Farrian71,0.0
35-39,Farusrian86,4.48
35-39,Filrion59,0.0
35-39,Filrion83,0.0
35-39,Filurarn35,0.0
35-39,Firan91,0.0
35-39,Firatan58,0.0
35-39,Firon67,3.53
35-39,Fironon91,0.0
35-39,Frichadar89,0.0
35-39,Frichadaran88,0.0
35-39,Frichast28,0.0
35-39,Frichaststa61,0.0
35-39,Frichaya88,0.0
35-39,Frichilsa31,0.0
35-39,Frichim77,0.0
35-39,Frichirranya75,4.23
35-39,Frichjask31,0.0
35-39,Frichjaskan98,0.0
35-39,Frichocesta66,0.0
35-39,Frichosia58,0.0
35-39,Frichosiala98,0.0
35-39,Frichossala54,0.0
35-39,Frichynde86,0.0
35-39,Hada39,0.0
35-39,Haedairiadru51,0.0
35-39,Haeladil46,0.0
35-39,Haellysu29,0.0
35-39,Haerith37,0.0
35-39,Haerithp41,0.0
35-39,Haestyphos66,0.0
35-39,Hailaphos89,3.81
35-39,Haillyrgue51,0.0
35-39,Haisrisuir60,0.0
35-39,Haisurra41,0.0
35-39,Hala31,0.0
35-39,Halaecal66,0.0
35-39,Hallysucal81,0.0
35-39,Hari50,0.0
35-39,Hariphos58,0.0
35-39,Heollyra92,0.0
35-39,Heollyriap59,0.0
35-39,Heosurnuru52,0.0
35-39,Heudai45,0.0
35-39,Heuli25,0.0
35-39,Heunadil74,0.0
35-39,Hiaral50,0.0
35-39,Hiarideu73,0.0
35-39,Hiasri33,0.0
35-39,Hiasurria41,0.0
35-39,Hilaerin92,0.0
35-39,Hiral75,0.0
35-39,Hirirap39,0.0
35-39,Hisridru55,0.0
35-39,Hyaduesu61,0.0
35-39,Iadueria43,0.0
35-39,Ialallo29,0.0
35-39,Ialidru40,0.0
35-39,Iana95,0.0
35-39,Iarallo65,0.0
35-39,Iaralrgue74,0.0
35-39,Iaralsuir44,0.0
35-39,Iarilis73,0.0
35-39,Iasrira89,0.0
35-39,Iasur80,0.0
35-39,Iasurriacal29,0.0
35-39,Iasursti71,0.0
35-39,Iathem87,0.0
35-39,Iathenudil29,0.0
35-39,Idacal95,0.0
35-39,Idai61,0.0
35-39,Idaidil28,0.0
35-39,Idairin51,0.0
35-39,Idaisuir85,0.0
35-39,Idastidru52,0.0
35-39,Iduelis31,0.0
35-39,Iduenu77,0.0
35-39,Ilaesudil92,0.0
35-39,Ilarin91,0.0
35-39,Ilassa51,0.0
35-39,Ilassast39,0.0
35-39,Ilast79,0.0
35-39,Ilastilis78,0.0
35-39,Ili43,0.0
35-39,Ililsan66,0.0
35-39,Ililsasya43,0.0
35-39,Ilimya66,0.0
35-39,Ilirrasda54,5.0600000000000005
35-39,Ilista82,0.0
35-39,Iljask75,0.0
35-39,Ilmol66,0.0
35-39,Ilosia37,0.0
35-39,Ilosian36,0.0
35-39,Ilosianya35,0.0
35-39,Ilunyon70,0.0
35-39,Ina92,0.0
35-39,Inasti31,0.0
35-39,Inasuir29,0.0
35-39,Indcil77,0.0
35-39,Indirrian56,0.0
35-39,Indonmol95,0.0
35-39,Ingatcil75,0.0
35-39,Inguron55,0.0
35-39,Iral74,0.0
35-39,Iri67,0.0
35-39,Irilis75,0.0
35-39,Irillo49,0.0
35-39,Irith83,0.0
35-39,Irithlis29,0.0
35-39,Iskadarya95,0.0
35-39,Iskichinya81,0.0
35-39,Iskim66,0.0
35-39,Iskim96,0.0
35-39,Iskirra45,0.0
35-39,Iskjaskst81,0.0
35-39,Iskosia90,0.0
35-39,Iskosian40,0.0
35-39,Iskossasda43,0.0
35-39,Isri34,6.97
35-39,Isty55,0.0
35-39,Isurria36,0.0
35-39,Isursti83,0.0
35-39,Isursuir31,0.0
35-39,Ithergue48,0.0
35-39,Itheria73,2.18
35-39,Jeyciman68,0.0
35-39,Jiskadarst60,0.0
35-39,Jiskassa76,0.0
35-39,Jiskimsda56,0.0
35-39,Jiskimya77,0.0
35-39,Jiskirran77,0.0
35-39,Jiskjask60,0.0
35-39,Jiskjask80,0.0
35-39,Jiskjask85,0.0
35-39,Jiskossa61,0.0
35-39,Laedallo55,0.0
35-39,Lalossa38,0.0
35-39,Lamil79,9.29
35-39,Lassadarsda57,0.0
35-39,Lassassasda30,0.0
35-39,Lassassast73,0.0
35-39,Lassilsala30,0.0
35-39,Lassimla92,0.0
35-39,Lassirrasda85,0.0
35-39,Lassjask63,0.0
35-39,Lassjaskan73,0.0
35-39,Layjask75,0.0
35-39,Leetirraya83,0.0
35-39,Leyirra83,0.0
35-39,Liawista80,0.0
35-39,Lirtassa52,0.0
35-39,Lirtassan78,0.0
35-39,Lirtastan49,0.0
35-39,Lirtastsda29,0.0
35-39,Lirtastsya71,0.0
35-39,Lirtilsa71,0.0
35-39,Lirtilsa72,0.0
35-39,Lirtim36,0.0
35-39,Lirtimst73,0.0
35-39,Lirtirra37,0.0
35-39,Lirtirra81,0.0
35-39,Lirtistanya48,0.0
35-39,Lirtosia63,0.0
35-39,Lirtossa60,0.0
35-39,Lirtossa84,0.0
35-39,Lisadar44,0.0
35-39,Lisasi93,0.0
35-39,Lisassa64,0.0
35-39,Lisassala98,0.0
35-39,Lisassasda39,2.94
35-39,Lisassasta50,0.0
35-39,Lisast87,0.0
35-39,Lisast98,0.0
35-39,Lisico81,0.0
35-39,Lisilsa62,0.0
35-39,Lisim51,0.0
35-39,Lisim78,0.0
35-39,Lisiriya82,0.0
35-39,Lisirra25,0.0
35-39,Lisirra58,0.0
35-39,Lisirra87,0.0
35-39,Lisista27,0.0
35-39,Lisista54,0.0
35-39,Lisista63,0.0
35-39,Lisjaskan36,0.0
35-39,Lisjaskya84,0.0
35-39,Lisopela58,0.0
35-39,Lisosia66,0.0
35-39,Lisosia93,0.0
35-39,Lisossa25,0.0
35-39,Lisossa46,0.0
35-39,Lisossala30,0.0
35-39,Lisossanya98,3.44
35-39,Lisotesta51,0.0
35-39,Lisovynya38,0.0
35-39,Malarrian73,0.0
35-39,Malil90,0.0
35-39,Malon70,0.0
35-39,Maluncil97,0.0
35-39,Malunil62,0.0
35-39,Maradaran90,2.73
35-39,Maradarnya40,0.0
35-39,Marassa62,0.0
35-39,Marast30,0.0
35-39,Maridisya31,0.0
35-39,Marilsa69,0.0
35-39,Marilsanya48,0.0
35-39,Marilsasya33,0.0
35-39,Marim28,0.0
35-39,Marirrasta50,0.0
35-39,Marjask87,0.0
35-39,Marokian45,0.0
35-39,Maropast28,0.0
35-39,Marughi89,0.0
35-39,Marundi65,0.0
35-39,Marynde90,0.0
35-39,Meosridil82,0.0
35-39,Mindadaran26,0.0
35-39,Mindesi74,0.0
35-39,Mindetosya30,0.0
35-39,Mindilsa34,0.0
35-39,Mindilsa60,0.0
35-39,Mindimnya67,0.0
35-39,Mindirranya33,3.87
35-39,Mindista32,0.0
35-39,Mindjasksya61,0.0
35-39,Mindossa76,0.0
35-39,Minduli80,0.0
35-39,Minduri31,4.07
35-39,Nitherian58,0.0
35-39,Palatyon26,0.0
35-39,Palyon91,0.0
35-39,Peorith44,0.0
35-39,Phaedasurap84,0.0
35-39,Phaedue89,0.0
35-39,Phaelap26,0.0
35-39,Phaena87,0.0
35-39,Phaestycal84,0.0
35-39,Pheodai94,0.0
35-39,Pheodaisun84,0.0
35-39,Pheosrinudeu70,0.0
35-39,Pheosurllorin41,0.0
35-39,Pheulidil31,0.0
35-39,Pheusrical25,0.0
35-39,Pheutherin27,0.0
35-39,Phiallylis33,0.0
35-39,Phiarithdeu40,0.0
35-39,Philodil43,0.0
35-39,Phiristi62,0.0
35-39,Phistym51,9.5
35-39,Phistyn52,0.0
35-39,Phyali88,0.0
35-39,Poshilsa82,0.0
35-39,Qarirwen82,0.0
35-39,Qilalista41,0.0
35-39,Qilanrion65,3.03
35-39,Qilatista90,0.0
35-39,Qilunan34,0.0
35-39,Quaecjask96,0.0
35-39,Quanenrian83,0.0
35-39,Quanrion96,0.0
35-39,Quanunwen42,0.0
35-39,Quaranmol58,0.0
35-39,Quarrion42,0.0
35-39,Quilassa66,0.0
35-39,Quinarap53,0.0
35-39,Raesty92,0.0
35-39,Raillydeu47,0.0
35-39,Rairin89,0.0
35-39,Rairith81,0.0
35-39,Raisty38,0.0
35-39,Rarallo90,0.0
35-39,Rastynusuir31,0.0
35-39,Raysistast71,0.0
35-39,Reulae52,0.0
35-39,Reunasu60,0.0
35-39,Rianistast50,0.0
35-39,Rilaera56,0.0
35-39,Ririp86,0.0
35-39,Risty84,0.0
35-39,Ristydru66,0.0
35-39,Rithe53,0.0
35-39,Ryanara76,0.0
35-39,Saedaiphos46,0.0
35-39,Saelaephos52,0.0
35-39,Saena74,0.0
35-39,Saena89,0.0
35-39,Saerallora71,0.0
35-39,Saesrideu94,9.18
35-39,Saida58,0.0
35-39,Saisrilis27,0.0
35-39,Saistyphos30,10.33
35-39,Salilis27,0.0
35-39,Sally64,0.0
35-39,Sastydeu50,2.18
35-39,Sausosia74,0.0
35-39,Seolollo93,0.0
35-39,Seosrim97,0.0
35-39,Seudaillorap38,0.0
35-39,Seuthep89,0.0
35-39,Shaidanu32,0.0
35-39,Shidai42,0.0
35-39,Siala43,0.0
35-39,Siallylis44,0.0
35-39,Siana77,0.0
35-39,Siarithria38,6.91
35-39,Sida61,0.0
35-39,Sidap51,0.0
35-39,Silaera56,0.0
35-39,Siralsudeu54,0.0
35-39,Sisur91,0.0
35-39,Smaistysu35,0.0
35-39,Sondadar26,0.0
35-39,Sondadarya58,0.0
35-39,Sondassan80,0.0
35-39,Sondassasya91,0.0
35-39,Sondastsda82,0.0
35-39,Sondilsaya62,0.0
35-39,Sondim68,0.0
35-39,Sondim73,0.0
35-39,Sondimla25,0.0
35-39,Sondistanya61,0.0
35-39,Sondossa69,0.0
35-39,Strithenu87,0.0
35-39,Styaduen40,0.0
35-39,Sundadar27,0.0
35-39,Sundadarla27,0.0
35-39,Sundassa93,0.0
35-39,Sundim98,0.0
35-39,Sundirrala66,0.0
35-39,Sundista37,0.0
35-39,Sundjask71,0.0
35-39,Syally44,0.0
35-39,Syalollorap93,0.0
35-39,Syathe73,0.0
35-39,Syathecal44,0.0
35-39,Taeduenu92,0.0
35-39,Thourdirra92,0.0
35-39,Thrientossa55,0.0
35-39,Thryallym62,0.0
35-39,Tyaedainu44,0.0
35-39,Tyaelaelis94,0.0
35-39,Tyaelistidru84,0.0
35-39,Tyaelly53,0.0
35-39,Tyaelo67,4.88
35-39,Tyaelorap29,0.0
35-39,Tyaenasti87,0.0
35-39,Tyaerith73,1.71
35-39,Tyalaesu89,0.0
35-39,Tyananurgue44,0.0
35-39,Tyarithn67,0.0
35-39,Tyeoralru41,0.0
35-39,Tyeosri53,0.0
35-39,Tyeudariasuir90,0.0
35-39,Tyeuduen32,0.0
35-39,Tyeurith29,0.0
35-39,Tyialisti80,0.0
35-39,Tyialisudeu65,0.0
35-39,Tyida79,0.0
35-39,Tyidaim51,0.0
35-39,Tyidainu31,0.0
35-39,Tyirinu79,0.0
35-39,Tyisur83,0.0
35-39,Umolrian85,0.0
35-39,Undare39,0.0
35-39,Undassa89,0.0
35-39,Undilsan50,0.0
35-39,Undimsya85,0.0
35-39,Undirra73,0.0
35-39,Undirrala66,0.0
35-39,Undirrasta89,0.0
35-39,Undista85,0.0
35-39,Undjask33,0.0
35-39,Undjaskla97,0.0
35-39,Undosia27,0.0
35-39,Undosian34,0.0
35-39,Undotesta33,0.0
35-39,Wailin72,0.0
35-39,Yadacal26,0.0
35-39,Yadaisuir65,0.0
35-39,Yadam35,0.0
35-39,Yadanu52,0.0
35-39,Yadaphos40,0.0
35-39,Yalae81,0.0
35-39,Yalaeria91,0.0
35-39,Yaliru88,0.0
35-39,Yalo85,0.0
35-39,Yalostiphos68,0.0
35-39,Yana46,0.0
35-39,Yarithllodeu72,0.0
35-39,Yarithrgue83,0.0
35-39,Yarithrin84,0.0
35-39,Yarithsurgue62,0.0
35-39,Yarolwen77,0.0
35-39,Yasrisu92,0.0
35-39,Yastyriaphos75,0.0
35-39,Yasur35,0.0
35-39,Yasur85,0.0
35-39,Yathecal72,0.0
35-39,Yathecal82,0.0
35-39,Yathedeu43,0.0
35-39,Yoishirrala98,0.0
35-39,Zhisrisu83,0.0
35-39,Zontibe81,0.0
40+,Adairialis76,0.0
40+,Adastirin33,0.0
40+,Aeda94,0.0
40+,Aela59,0.0
40+,Aelaria33,0.0
40+,Aelastirin39,0.0
40+,Aelidru27,0.0
40+,Aelin32,0.0
40+,Aelly27,0.0
40+,Aellynun67,0.0
40+,Aellyria80,0.0
40+,Aelollo59,0.0
40+,Aenarap34,0.0
40+,Aeral43,0.0
40+,Aeral68,4.0
40+,Aeral97,0.0
40+,Aeralria27,0.0
40+,Aeralstical35,0.0
40+,Aeri84,0.0
40+,Aerillorin70,0.0
40+,Aerithllora36,0.0
40+,Aerithnucal56,0.0
40+,Aerithnuphos61,0.0
40+,Aerithriaphos45,0.0
40+,Aerithriaphos46,0.0
40+,Aesri53,0.0
40+,Aesty53,0.0
40+,Aestysu37,0.0
40+,Aesur96,0.0
40+,Aesurstilis64,0.0
40+,Aethedru70,0.0
40+,Aidai53,0.0
40+,Aidai61,0.0
40+,Aidai73,0.0
40+,Aidaillodeu39,0.0
40+,Aidain51,0.0
40+,Aidaira26,0.0
40+,Aiduecal76,0.0
40+,Aiduesu86,0.0
40+,Aillyriadru65,0.0
40+,Aillyrin83,0.0
40+,Aina42,0.0
40+,Aina43,0.0
40+,Airi27,0.0
40+,Aisur51,0.0
40+,Aisurdru79,0.0
40+,Aisurria69,0.0
40+,Aithelis62,0.0
40+,Alaephos75,0.0
40+,Alaesu77,0.0
40+,Alaesu91,0.0
40+,Alarap40,0.0
40+,Ali84,0.0
40+,Alim85,0.0
40+,Alo38,0.0
40+,Anallorgue57,0.0
40+,Ardcil81,0.0
40+,Ardonmol96,0.0
40+,Arin32,0.0
40+,Arirgue63,0.0
40+,Assassa81,0.0
40+,Assassasta79,0.0
40+,Assastnya25,0.0
40+,Assehoan67,0.0
40+,Assesi91,0.0
40+,Assilsan72,0.0
40+,Assim27,1.7
40+,Assirra56,0.0
40+,Assistasda42,0.0
40+,Assistasda90,0.0
40+,Assjaskan56,0.0
40+,Assjaskan73,0.0
40+,Assosia88,0.0
40+,Assylla81,0.0
40+,Asty82,0.0
40+,Asur53,0.0
40+,Asur96,0.0
40+,Baelollodeu94,0.0
40+,Bartassaya73,0.0
40+,Caesrinusuir82,0.0
40+,Ceoral34,0.0
40+,Chadadarla74,0.0
40+,Chadilsasta32,0.0
40+,Chadirra90,0.0
40+,Chadista79,0.0
40+,Chadistaya75,0.0
40+,Chadjask77,0.0
40+,Chadjask85,0.0
40+,Chadolyla44,0.0
40+,Chadossa56,0.0
40+,Chadossa89,0.0
40+,Chamadar79,0.0
40+,Chamadarnya73,0.0
40+,Chamadarsda63,0.0
40+,Chamalo71,0.0
40+,Chamassasya86,0.0
40+,Chamast86,0.0
40+,Chamastya76,0.0
40+,Chamilsala65,0.0
40+,Chamiman85,0.0
40+,Chamimla73,0.0
40+,Chamimla85,0.0
40+,Chamirra53,0.0
40+,Chamirrasya33,0.0
40+,Chamirraya83,0.0
40+,Chamistast30,0.0
40+,Chamjask73,0.0
40+,Chamjaskya75,0.0
40+,Chamossa77,0.0
40+,Chanadar44,0.0
40+,Chanastnya43,0.0
40+,Chanastsda67,0.0
40+,Chanastst38,0.0
40+,Chanastya70,0.0
40+,Chanilsasda38,0.0
40+,Chanilsast61,0.0
40+,Chanirra64,0.0
40+,Chanirra79,0.0
40+,Chanirrala39,0.0
40+,Chanirrasta87,0.0
40+,Chanista95,0.0
40+,Chanjask65,0.0
40+,Chanjaskan89,0.0
40+,Chanosia34,0.0
40+,Chanosia60,0.0
40+,Chanosian48,0.0
40+,Chanosiaya39,1.97
40+,Chanossanya44,0.0
40+,Chanossast57,0.0
40+,Chanuchi25,0.0
40+,Cosadar58,0.0
40+,Dyally87,0.0
40+,Ealiril69,0.0
40+,Ealrion88,0.0
40+,Ennalmol65,0.0
40+,Ennoncil86,0.0
40+,Ennrian78,0.0
40+,Eodailis27,0.0
40+,Eodairu79,0.0
40+,Eodaisu60,0.0
40+,Eolan54,0.0
40+,Eoral49,0.0
40+,Eoralrap26,0.0
40+,Eosrirgue62,0.0
40+,Eosurdru76,0.0
40+,Eratiel90,0.0
40+,Ermol76,0.0
40+,Errian63,0.0
40+,Eryon48,0.0
40+,Ethralista69,0.0
40+,Ethrasyon38,0.0
40+,Ethriel85,0.0
40+,Ethron58,0.0
40+,Eudanu32,0.0
40+,Eudanu84,0.0
40+,Eulae84,0.0
40+,Eulaestira36,0.0
40+,Eulanurin88,0.0
40+,Eulasuir89,0.0
40+,Eulolis41,0.0
40+,Eurisuru25,0.0
40+,Eurithphos97,0.0
40+,Eusri26,0.0
40+,Eusri44,0.0
40+,Eusri70,0.0
40+,Eustyria89,0.0
40+,Eusur90,0.0
40+,Eusurdeu49,0.0
40+,Euthe35,0.0
40+,Eyircil84,0.0
40+,Eyista89,0.0
40+,Eyrian71,5.1899999999999995
40+,Farrian71,0.0
40+,Farusrian86,0.0
40+,Filrion59,0.0
40+,Filrion83,0.0
40+,Filurarn35,0.0
40+,Firan91,0.0
40+,Firatan58,0.0
40+,Firon67,0.0
40+,Fironon91,0.0
40+,Frichadar89,0.0
40+,Frichadaran88,0.0
40+,Frichast28,0.0
40+,Frichaststa61,0.0
40+,Frichaya88,3.93
40+,Frichilsa31,0.0
40+,Frichim77,0.0
40+,Frichirranya75,0.0
40+,Frichjask31,0.0
40+,Frichjaskan98,0.0
40+,Frichocesta66,0.0
40+,Frichosia58,0.0
40+,Frichosiala98,0.0
40+,Frichossala54,0.0
40+,Frichynde86,0.0
40+,Hada39,0.0
40+,Haedairiadru51,0.0
40+,Haeladil46,0.0
40+,Haellysu29,0.0
40+,Haerith37,0.0
40+,Haerithp41,0.0
40+,Haestyphos66,0.0
40+,Hailaphos89,0.0
40+,Haillyrgue51,0.0
40+,Haisrisuir60,0.0
40+,Haisurra41,0.0
40+,Hala31,0.0
40+,Halaecal66,0.0
40+,Hallysucal81,0.0
40+,Hari50,0.0
40+,Hariphos58,0.0
40+,Heollyra92,0.0
40+,Heollyriap59,0.0
40+,Heosurnuru52,0.0
40+,Heudai45,0.0
40+,Heuli25,0.0
40+,Heunadil74,0.0
40+,Hiaral50,0.0
40+,Hiarideu73,0.0
40+,Hiasri33,0.0
40+,Hiasurria41,1.61
40+,Hilaerin92,0.0
40+,Hiral75,0.0
40+,Hirirap39,0.0
40+,Hisridru55,0.0
40+,Hyaduesu61,0.0
40+,Iadueria43,0.0
40+,Ialallo29,0.0
40+,Ialidru40,0.0
40+,Iana95,0.0
40+,Iarallo65,0.0
40+,Iaralrgue74,0.0
40+,Iaralsuir44,0.0
40+,Iarilis73,0.0
40+,Iasrira89,0.0
40+,Iasur80,0.0
40+,Iasurriacal29,0.0
40+,Iasursti71,0.0
40+,Iathem87,0.0
40+,Iathenudil29,0.0
40+,Idacal95,0.0
40+,Idai61,0.0
40+,Idaidil28,0.0
40+,Idairin51,0.0
40+,Idaisuir85,0.0
40+,Idastidru52,0.0
40+,Iduelis31,0.0
40+,Iduenu77,0.0
40+,Ilaesudil92,0.0
40+,Ilarin91,0.0
40+,Ilassa51,0.0
40+,Ilassast39,0.0
40+,Ilast79,0.0
40+,Ilastilis78,0.0
40+,Ili43,0.0
40+,Ililsan66,0.0
40+,Ililsasya43,0.0
40+,Ilimya66,0.0
40+,Ilirrasda54,0.0
40+,Ilista82,0.0
40+,Iljask75,0.0
40+,Ilmol66,0.0
40+,Ilosia37,0.0
40+,Ilosian36,0.0
40+,Ilosianya35,0.0
40+,Ilunyon70,0.0
40+,Ina92,0.0
40+,Inasti31,0.0
40+,Inasuir29,4.4
40+,Indcil77,0.0
40+,Indirrian56,0.0
40+,Indonmol95,0.0
40+,Ingatcil75,0.0
40+,Inguron55,0.0
40+,Iral74,0.0
40+,Iri67,0.0
40+,Irilis75,0.0
40+,Irillo49,0.0
40+,Irith83,0.0
40+,Irithlis29,0.0
40+,Iskadarya95,0.0
40+,Iskichinya81,0.0
40+,Iskim66,0.0
40+,Iskim96,0.0
40+,Iskirra45,0.0
40+,Iskjaskst81,0.0
40+,Iskosia90,0.0
40+,Iskosian40,0.0
40+,Iskossasda43,0.0
40+,Isri34,0.0
40+,Isty55,0.0
40+,Isurria36,0.0
40+,Isursti83,0.0
40+,Isursuir31,3.39
40+,Ithergue48,0.0
40+,Itheria73,0.0
40+,Jeyciman68,0.0
40+,Jiskadarst60,0.0
40+,Jiskassa76,0.0
40+,Jiskimsda56,0.0
40+,Jiskimya77,0.0
40+,Jiskirran77,0.0
40+,Jiskjask60,0.0
40+,Jiskjask80,0.0
40+,Jiskjask85,1.33
40+,Jiskossa61,0.0
40+,Laedallo55,0.0
40+,Lalossa38,0.0
40+,Lamil79,0.0
40+,Lassadarsda57,0.0
40+,Lassassasda30,0.0
40+,Lassassast73,0.0
40+,Lassilsala30,0.0
40+,Lassimla92,0.0
40+,Lassirrasda85,0.0
40+,Lassjask63,0.0
40+,Lassjaskan73,0.0
40+,Layjask75,0.0
40+,Leetirraya83,0.0
40+,Leyirra83,0.0
40+,Liawista80,0.0
40+,Lirtassa52,0.0
40+,Lirtassan78,0.0
40+,Lirtastan49,0.0
40+,Lirtastsda29,0.0
40+,Lirtastsya71,0.0
40+,Lirtilsa71,0.0
40+,Lirtilsa72,0.0
40+,Lirtim36,0.0
40+,Lirtimst73,0.0
40+,Lirtirra37,0.0
40+,Lirtirra81,0.0
40+,Lirtistanya48,0.0
40+,Lirtosia63,0.0
40+,Lirtossa60,0.0
40+,Lirtossa84,0.0
40+,Lisadar44,0.0
40+,Lisasi93,0.0
40+,Lisassa64,0.0
40+,Lisassala98,0.0
40+,Lisassasda39,0.0
40+,Lisassasta50,0.0
40+,Lisast87,0.0
40+,Lisast98,0.0
40+,Lisico81,0.0
40+,Lisilsa62,0.0
40+,Lisim51,0.0
40+,Lisim78,0.0
40+,Lisiriya82,0.0
40+,Lisirra25,0.0
40+,Lisirra58,0.0
40+,Lisirra87,0.0
40+,Lisista27,0.0
40+,Lisista54,0.0
40+,Lisista63,0.0
40+,Lisjaskan36,0.0
40+,Lisjaskya84,0.0
40+,Lisopela58,0.0
40+,Lisosia66,0.0
40+,Lisosia93,0.0
40+,Lisossa25,0.0
40+,Lisossa46,0.0
40+,Lisossala30,0.0
40+,Lisossanya98,0.0
40+,Lisotesta51,0.0
40+,Lisovynya38,1.56
40+,Malarrian73,0.0
40+,Malil90,0.0
40+,Malon70,0.0
40+,Maluncil97,0.0
40+,Malunil62,0.0
40+,Maradaran90,0.0
40+,Maradarnya40,0.0
40+,Marassa62,0.0
40+,Marast30,0.0
40+,Maridisya31,0.0
40+,Marilsa69,0.0
40+,Marilsanya48,0.0
40+,Marilsasya33,0.0
40+,Marim28,0.0
40+,Marirrasta50,0.0
40+,Marjask87,0.0
40+,Marokian45,0.0
40+,Maropast28,0.0
40+,Marughi89,0.0
40+,Marundi65,0.0
40+,Marynde90,0.0
40+,Meosridil82,0.0
40+,Mindadaran26,0.0
40+,Mindesi74,0.0
40+,Mindetosya30,0.0
40+,Mindilsa34,0.0
40+,Mindilsa60,0.0
40+,Mindimnya67,0.0
40+,Mindirranya33,0.0
40+,Mindista32,0.0
40+,Mindjasksya61,0.0
40+,Mindossa76,4.93
40+,Minduli80,0.0
40+,Minduri31,0.0
40+,Nitherian58,0.0
40+,Palatyon26,0.0
40+,Palyon91,0.0
40+,Peorith44,0.0
40+,Phaedasurap84,0.0
40+,Phaedue89,0.0
40+,Phaelap26,0.0
40+,Phaena87,0.0
40+,Phaestycal84,0.0
40+,Pheodai94,0.0
40+,Pheodaisun84,0.0
40+,Pheosrinudeu70,0.0
40+,Pheosurllorin41,0.0
40+,Pheulidil31,0.0
40+,Pheusrical25,0.0
40+,Pheutherin27,0.0
40+,Phiallylis33,0.0
40+,Phiarithdeu40,0.0
40+,Philodil43,0.0
40+,Phiristi62,0.0
40+,Phistym51,0.0
40+,Phistyn52,0.0
40+,Phyali88,0.0
40+,Poshilsa82,0.0
40+,Qarirwen82,0.0
40+,Qilalista41,0.0
40+,Qilanrion65,0.0
40+,Qilatista90,0.0
40+,Qilunan34,0.0
40+,Quaecjask96,0.0
40+,Quanenrian83,0.0
40+,Quanrion96,0.0
40+,Quanunwen42,0.0
40+,Quaranmol58,0.0
40+,Quarrion42,0.0
40+,Quilassa66,0.0
40+,Quinarap53,0.0
40+,Raesty92,0.0
40+,Raillydeu47,0.0
40+,Rairin89,0.0
40+,Rairith81,0.0
40+,Raisty38,0.0
40+,Rarallo90,0.0
40+,Rastynusuir31,0.0
40+,Raysistast71,0.0
40+,Reulae52,0.0
40+,Reunasu60,0.0
40+,Rianistast50,0.0
40+,Rilaera56,0.0
40+,Ririp86,0.0
40+,Risty84,0.0
40+,Ristydru66,0.0
40+,Rithe53,0.0
40+,Ryanara76,0.0
40+,Saedaiphos46,0.0
40+,Saelaephos52,0.0
40+,Saena74,0.0
40+,Saena89,0.0
40+,Saerallora71,0.0
40+,Saesrideu94,0.0
40+,Saida58,0.0
40+,Saisrilis27,0.0
40+,Saistyphos30,0.0
40+,Salilis27,4.23
40+,Sally64,0.0
40+,Sastydeu50,0.0
40+,Sausosia74,0.0
40+,Seolollo93,0.0
40+,Seosrim97,0.0
40+,Seudaillorap38,0.0
40+,Seuthep89,0.0
40+,Shaidanu32,0.0
40+,Shidai42,0.0
40+,Siala43,0.0
40+,Siallylis44,0.0
40+,Siana77,0.0
40+,Siarithria38,0.0
40+,Sida61,0.0
40+,Sidap51,0.0
40+,Silaera56,0.0
40+,Siralsudeu54,0.0
40+,Sisur91,0.0
40+,Smaistysu35,0.0
40+,Sondadar26,0.0
40+,Sondadarya58,0.0
40+,Sondassan80,0.0
40+,Sondassasya91,0.0
40+,Sondastsda82,0.0
40+,Sondilsaya62,0.0
40+,Sondim68,0.0
40+,Sondim73,0.0
40+,Sondimla25,0.0
40+,Sondistanya61,0.0
40+,Sondossa69,0.0
40+,Strithenu87,0.0
40+,Styaduen40,0.0
40+,Sundadar27,0.0
40+,Sundadarla27,0.0
40+,Sundassa93,0.0
40+,Sundim98,0.0
40+,Sundirrala66,0.0
40+,Sundista37,0.0
40+,Sundjask71,0.0
40+,Syally44,0.0
40+,Syalollorap93,0.0
40+,Syathe73,0.0
40+,Syathecal44,0.0
40+,Taeduenu92,0.0
40+,Thourdirra92,0.0
40+,Thrientossa55,0.0
40+,Thryallym62,0.0
40+,Tyaedainu44,0.0
40+,Tyaelaelis94,0.0
40+,Tyaelistidru84,0.0
40+,Tyaelly53,0.0
40+,Tyaelo67,0.0
40+,Tyaelorap29,0.0
40+,Tyaenasti87,0.0
40+,Tyaerith73,0.0
40+,Tyalaesu89,0.0
40+,Tyananurgue44,0.0
40+,Tyarithn67,0.0
40+,Tyeoralru41,0.0
40+,Tyeosri53,0.0
40+,Tyeudariasuir90,0.0
40+,Tyeuduen32,0.0
40+,Tyeurith29,0.0
40+,Tyialisti80,0.0
40+,Tyialisudeu65,0.0
40+,Tyida79,0.0
40+,Tyidaim51,0.0
40+,Tyidainu31,0.0
40+,Tyirinu79,0.0
40+,Tyisur83,0.0
40+,Umolrian85,0.0
40+,Undare39,0.0
40+,Undassa89,0.0
40+,Undilsan50,0.0
40+,Undimsya85,0.0
40+,Undirra73,0.0
40+,Undirrala66,0.0
40+,Undirrasta89,0.0
40+,Undista85,0.0
40+,Undjask33,0.0
40+,Undjaskla97,0.0
40+,Undosia27,0.0
40+,Undosian34,0.0
40+,Undotesta33,0.0
40+,Wailin72,0.0
40+,Yadacal26,0.0
40+,Yadaisuir65,0.0
40+,Yadam35,0.0
40+,Yadanu52,0.0
40+,Yadaphos40,0.0
40+,Yalae81,0.0
40+,Yalaeria91,0.0
40+,Yaliru88,0.0
40+,Yalo85,0.0
40+,Yalostiphos68,0.0
40+,Yana46,0.0
40+,Yarithllodeu72,0.0
40+,Yarithrgue83,0.0
40+,Yarithrin84,0.0
40+,Yarithsurgue62,0.0
40+,Yarolwen77,0.0
40+,Yasrisu92,0.0
40+,Yastyriaphos75,0.0
40+,Yasur35,0.0
40+,Yasur85,0.0
40+,Yathecal72,0.0
40+,Yathecal82,0.0
40+,Yathedeu43,0.0
40+,Yoishirrala98,0.0
40+,Zhisrisu83,0.0
40+,Zontibe81,0.0
